ID,Nom_Prenom,Niveau,Classe_Attitree,Profil_Dejeuner,Horaire_Arrivee,Horaire_Depart,Indice_Sociabilite,Statut_Sante,Temps_Incubation_Restant
ETU_001,Jules Simon,L3,Salle 3,Cafétéria,07:47,18:16,0.43,0,0
ETU_002,Manon Bonnet,L1,Salle 5,Cafétéria,07:50,16:55,0.25,0,0
ETU_003,Clément David,L3,Salle 6,Cafétéria,07:59,17:14,0.84,0,0
ETU_004,Emma Petit,L2,Salle 2,Couloir,08:43,17:07,0.92,0,0
ETU_005,Théo Martin,L1,Salle 1,Extérieur,07:57,17:30,0.28,0,0
ETU_006,Zoé Faure,L2,Salle 4,Cafétéria,08:31,18:09,0.27,0,0
ETU_007,Louna Andre,L1,Salle 2,Extérieur,08:24,16:38,0.99,0,0
ETU_008,Nathan Durand,Master,Salle 3,Cafétéria,08:27,17:38,0.16,0,0
ETU_009,Clara David,L3,Salle 2,Extérieur,08:43,16:44,0.2,0,0
ETU_010,Paul Leroy,L1,Salle 6,Extérieur,07:56,17:48,0.56,0,0
ETU_011,Paul Thomas,L3,Salle 6,Couloir,08:44,16:37,0.99,0,0
ETU_012,Manon Muller,L1,Salle 1,Extérieur,07:46,18:01,0.91,0,0
ETU_013,Zoé Faure,L2,Salle 4,Cafétéria,08:53,17:40,0.14,0,0
ETU_014,Louis Moreau,Master,Salle 1,Extérieur,08:27,17:41,0.52,0,0
ETU_015,Emma Lefevre,L3,Salle 6,Cafétéria,08:58,16:46,0.42,0,0
ETU_016,Emma David,L2,Salle 3,Extérieur,08:51,17:17,0.73,0,0
ETU_017,Marie Faure,L3,Salle 2,Cafétéria,07:58,18:07,0.85,0,0
ETU_018,Zoé Faure,L1,Salle 2,Extérieur,08:07,16:32,0.89,0,0
ETU_019,Louna Laurent,L1,Salle 3,Extérieur,08:13,17:38,0.91,0,0
ETU_020,Camille Morel,Master,Salle 3,Couloir,08:27,16:32,0.64,0,0
ETU_021,Julie David,L2,Salle 4,Extérieur,08:29,17:49,0.7,0,0
ETU_022,Clément Robert,L2,Salle 4,Extérieur,08:11,16:53,0.82,0,0
ETU_023,Manon Lambert,L1,Salle 1,Couloir,08:50,16:51,0.0,0,0
ETU_024,Théo Girard,Master,Salle 2,Couloir,08:55,17:01,0.53,0,0
ETU_025,Camille Muller,L2,Salle 3,Extérieur,08:58,17:45,0.6,0,0
ETU_026,Chloé Leroy,L2,Salle 4,Extérieur,07:57,17:02,0.71,0,0
ETU_027,Mathilde Thomas,L2,Salle 1,Couloir,08:29,17:55,0.72,0,0
ETU_028,Antoine Fontaine,Master,Salle 4,Cafétéria,08:19,18:04,0.64,0,0
ETU_029,Arthur Dupont,L2,Salle 1,Cafétéria,08:58,17:22,0.79,0,0
ETU_030,Léa Lambert,L3,Salle 4,Extérieur,07:54,17:22,0.45,0,0
ETU_031,Rayan Muller,L1,Salle 3,Cafétéria,08:30,16:51,0.78,0,0
ETU_032,Rayan Moreau,L2,Salle 4,Cafétéria,08:37,16:39,0.46,0,0
ETU_033,Manon Girard,L3,Salle 2,Extérieur,07:46,17:24,0.07,0,0
ETU_034,Lucas Richard,L2,Salle 2,Cafétéria,08:08,18:05,0.49,0,0
ETU_035,Alice Lambert,L3,Salle 4,Couloir,08:05,17:09,0.92,0,0
ETU_036,Marie Roux,L1,Salle 3,Extérieur,08:59,18:17,0.67,0,0
ETU_037,Rayan Girard,L3,Salle 6,Couloir,08:27,17:22,0.1,0,0
ETU_038,Arthur Bernard,L1,Salle 4,Couloir,08:15,17:44,0.86,0,0
ETU_039,Sarah Bonnet,L2,Salle 2,Cafétéria,08:40,16:43,0.67,0,0
ETU_040,Clara Thomas,L3,Salle 5,Extérieur,08:19,17:34,0.07,0,0
ETU_041,Nathan Dupont,L1,Salle 6,Extérieur,07:50,17:00,0.6,0,0
ETU_042,Louna Rousseau,L2,Salle 5,Cafétéria,08:28,17:37,0.4,0,0
ETU_043,Lucas Roux,Master,Salle 5,Cafétéria,07:56,17:18,0.18,0,0
ETU_044,Inès Moreau,L3,Salle 4,Couloir,08:40,18:00,0.35,0,0
ETU_045,Louna Fournier,L1,Salle 1,Couloir,08:03,18:08,0.64,0,0
ETU_046,Théo Lambert,L1,Salle 6,Extérieur,08:02,17:33,0.67,0,0
ETU_047,Louna Leroy,L2,Salle 6,Extérieur,08:08,17:24,0.71,0,0
ETU_048,Chloé Lefevre,L2,Salle 6,Couloir,08:59,16:44,0.12,0,0
ETU_049,Manon Lefevre,L2,Salle 3,Extérieur,08:27,16:35,0.56,0,0
ETU_050,Enzo Andre,Master,Salle 5,Couloir,08:56,17:02,0.65,0,0
ETU_051,Clara Lambert,L3,Salle 6,Couloir,08:24,17:56,0.16,0,0
ETU_052,Sarah Rousseau,L3,Salle 1,Extérieur,08:54,17:35,0.65,0,0
ETU_053,Lucas Dubois,Master,Salle 1,Couloir,08:18,18:00,0.04,0,0
ETU_054,Manon Laurent,L2,Salle 2,Couloir,08:20,16:40,0.51,0,0
ETU_055,Emma Vincent,L1,Salle 6,Extérieur,08:03,17:48,0.21,0,0
ETU_056,Manon Laurent,Master,Salle 6,Couloir,08:35,17:10,0.87,0,0
ETU_057,Nathan David,Master,Salle 4,Couloir,08:53,18:07,0.02,0,0
ETU_058,Thomas Lefebvre,Master,Salle 2,Extérieur,08:36,16:32,0.03,0,0
ETU_059,Arthur Bernard,L1,Salle 5,Extérieur,07:50,16:48,0.58,0,0
ETU_060,Mathilde Muller,L3,Salle 3,Cafétéria,08:40,16:41,0.02,0,0
ETU_061,Sarah Laurent,L3,Salle 6,Couloir,08:46,16:41,0.44,0,0
ETU_062,Thomas Fournier,L2,Salle 2,Cafétéria,08:48,16:31,0.17,0,0
ETU_063,Sarah Fontaine,L3,Salle 6,Cafétéria,08:18,17:36,0.89,0,0
ETU_064,Clément Morel,L3,Salle 4,Extérieur,08:53,17:06,0.3,0,0
ETU_065,Camille Petit,L2,Salle 2,Extérieur,08:10,17:19,0.02,0,0
ETU_066,Thomas Rousseau,L3,Salle 1,Cafétéria,08:13,16:45,0.64,0,0
ETU_067,Clara Rousseau,L3,Salle 3,Couloir,08:03,17:34,0.26,0,0
ETU_068,Alice Moreau,L2,Salle 2,Extérieur,08:33,18:20,0.33,0,0
ETU_069,Jules Andre,Master,Salle 1,Couloir,08:27,17:41,0.54,0,0
ETU_070,Julie Fontaine,L2,Salle 4,Cafétéria,07:58,16:59,0.09,0,0
ETU_071,Maxime Thomas,L3,Salle 6,Cafétéria,08:44,18:17,0.48,0,0
ETU_072,Inès Moreau,L1,Salle 6,Extérieur,07:53,18:04,0.88,0,0
ETU_073,Enzo Dupont,L2,Salle 3,Extérieur,08:44,16:54,0.85,0,0
ETU_074,Inès Simon,L2,Salle 4,Cafétéria,08:22,17:56,0.81,0,0
ETU_075,Maxime Durand,Master,Salle 3,Couloir,08:32,17:45,0.16,0,0
ETU_076,Camille Fournier,L1,Salle 6,Couloir,07:47,16:58,0.97,0,0
ETU_077,Chloé Robert,L2,Salle 2,Couloir,08:43,17:13,0.52,0,0
ETU_078,Louna Morel,L3,Salle 4,Cafétéria,08:03,17:56,0.75,0,0
ETU_079,Clément Bonnet,L1,Salle 1,Couloir,08:10,17:39,0.95,0,0
ETU_080,Nathan Rousseau,L3,Salle 4,Couloir,08:46,18:27,0.66,0,0
ETU_081,Manon Bernard,L2,Salle 5,Couloir,08:09,18:14,0.37,0,0
ETU_082,Chloé David,L3,Salle 4,Cafétéria,07:55,17:21,0.32,0,0
ETU_083,Emma Fontaine,L1,Salle 1,Cafétéria,07:50,17:21,1.0,0,0
ETU_084,Marie Faure,Master,Salle 5,Couloir,08:28,17:35,0.11,0,0
ETU_085,Antoine David,L3,Salle 5,Cafétéria,07:48,18:08,0.24,0,0
ETU_086,Jules Moreau,L2,Salle 4,Cafétéria,07:55,17:31,0.92,0,0
ETU_087,Clara Durand,L2,Salle 1,Extérieur,08:09,18:00,0.28,0,0
ETU_088,Emma Laurent,L1,Salle 4,Extérieur,07:56,18:29,0.29,0,0
ETU_089,Nathan Michel,Master,Salle 4,Cafétéria,08:18,17:02,0.34,0,0
ETU_090,Maxime Robert,L2,Salle 6,Cafétéria,08:23,17:10,0.33,0,0
ETU_091,Louis Roux,L3,Salle 5,Cafétéria,08:12,17:47,0.0,0,0
ETU_092,Marie Fournier,L3,Salle 6,Extérieur,08:50,18:02,0.58,0,0
ETU_093,Mathilde Robert,L2,Salle 2,Couloir,08:33,17:44,0.86,0,0
ETU_094,Sarah Andre,L1,Salle 2,Cafétéria,07:46,17:55,0.59,0,0
ETU_095,Paul Lefebvre,L3,Salle 4,Cafétéria,07:59,16:48,0.28,0,0
ETU_096,Thomas Martin,L2,Salle 2,Couloir,08:28,17:22,0.29,0,0
ETU_097,Nathan Lefevre,L3,Salle 1,Cafétéria,07:51,17:34,0.97,0,0
ETU_098,Nathan Michel,Master,Salle 4,Couloir,08:32,17:18,0.71,0,0
ETU_099,Maxime Bonnet,Master,Salle 6,Couloir,08:56,17:36,0.85,0,0
ETU_100,Julie Laurent,L1,Salle 1,Couloir,08:22,16:43,0.86,0,0
ETU_101,Jules Bertrand,L1,Salle 2,Couloir,08:14,16:39,0.03,0,0
ETU_102,Thomas Andre,Master,Salle 1,Couloir,08:44,16:37,0.19,0,0
ETU_103,Louna Faure,L1,Salle 6,Cafétéria,07:50,17:01,0.02,0,0
ETU_104,Manon Bertrand,L3,Salle 4,Cafétéria,08:19,17:47,0.96,0,0
ETU_105,Jules Faure,Master,Salle 6,Couloir,08:53,16:49,0.85,0,0
ETU_106,Sarah Muller,Master,Salle 2,Couloir,08:26,18:26,0.02,0,0
ETU_107,Léa Rousseau,L3,Salle 1,Couloir,08:44,18:07,0.76,0,0
ETU_108,Camille Muller,L1,Salle 1,Extérieur,07:46,16:50,0.09,0,0
ETU_109,Louna Moreau,L1,Salle 4,Extérieur,08:43,18:12,0.67,0,0
ETU_110,Sarah Rousseau,L1,Salle 1,Couloir,08:18,18:16,0.1,0,0
ETU_111,Antoine Simon,L3,Salle 2,Couloir,08:10,17:51,0.26,0,0
ETU_112,Clara Thomas,L2,Salle 6,Couloir,08:09,17:53,0.03,0,0
ETU_113,Thomas Laurent,L3,Salle 3,Extérieur,07:58,17:42,0.26,0,0
ETU_114,Paul Bertrand,L3,Salle 2,Couloir,08:21,18:05,0.39,0,0
ETU_115,Julie Muller,Master,Salle 1,Couloir,08:41,18:20,0.9,0,0
ETU_116,Rayan Morel,Master,Salle 2,Cafétéria,08:38,17:36,0.18,0,0
ETU_117,Lucas Faure,Master,Salle 3,Extérieur,08:59,18:00,0.14,0,0
ETU_118,Louna Moreau,L3,Salle 3,Couloir,08:34,17:51,0.39,0,0
ETU_119,Antoine Richard,Master,Salle 5,Extérieur,08:47,18:07,0.59,0,0
ETU_120,Antoine Rousseau,Master,Salle 1,Couloir,08:11,17:33,0.72,0,0
ETU_121,Emma Bertrand,L2,Salle 4,Cafétéria,08:17,17:51,0.02,0,0
ETU_122,Emma David,L3,Salle 4,Extérieur,08:23,17:39,0.23,0,0
ETU_123,Zoé Laurent,L2,Salle 4,Extérieur,08:32,17:36,0.3,0,0
ETU_124,Rayan Leroy,L2,Salle 3,Cafétéria,08:01,17:59,0.38,0,0
ETU_125,Thomas Thomas,Master,Salle 2,Couloir,08:01,16:52,0.78,0,0
ETU_126,Arthur Andre,L2,Salle 6,Extérieur,08:59,18:26,0.49,0,0
ETU_127,Chloé Petit,Master,Salle 3,Extérieur,08:14,17:21,0.51,0,0
ETU_128,Maxime Laurent,Master,Salle 4,Couloir,08:48,17:19,0.47,0,0
ETU_129,Paul Girard,L1,Salle 6,Extérieur,08:09,17:54,0.83,0,0
ETU_130,Clément Lefevre,Master,Salle 6,Couloir,09:00,16:50,0.03,0,0
ETU_131,Antoine Laurent,L1,Salle 3,Cafétéria,08:37,18:00,0.82,0,0
ETU_132,Clara Fontaine,Master,Salle 6,Cafétéria,07:48,16:35,0.25,0,0
ETU_133,Louis Lambert,Master,Salle 5,Couloir,08:44,16:43,0.39,0,0
ETU_134,Antoine Vincent,L1,Salle 1,Cafétéria,08:11,17:38,0.08,0,0
ETU_135,Lucas Dubois,L2,Salle 4,Extérieur,08:01,17:46,0.17,0,0
ETU_136,Lucas Fournier,L2,Salle 2,Couloir,08:50,16:37,0.99,0,0
ETU_137,Gabriel Morel,L1,Salle 1,Cafétéria,08:49,17:59,0.13,0,0
ETU_138,Paul Lambert,L1,Salle 1,Extérieur,08:18,16:57,0.75,0,0
ETU_139,Lucas Moreau,L2,Salle 6,Couloir,08:13,16:57,0.53,0,0
ETU_140,Clara Bonnet,L2,Salle 5,Extérieur,07:45,17:48,0.19,0,0
ETU_141,Inès Fontaine,L2,Salle 5,Cafétéria,08:05,17:37,0.6,0,0
ETU_142,Emma Durand,L2,Salle 2,Couloir,08:23,16:38,0.13,0,0
ETU_143,Léa Moreau,Master,Salle 3,Couloir,08:18,17:12,0.15,0,0
ETU_144,Antoine Fontaine,L1,Salle 4,Extérieur,08:47,18:06,0.69,0,0
ETU_145,Chloé Bernard,L1,Salle 4,Extérieur,08:53,16:47,0.07,0,0
ETU_146,Emma Dubois,L2,Salle 2,Cafétéria,09:00,16:34,0.91,0,0
ETU_147,Lucas Bernard,L1,Salle 5,Couloir,08:24,18:05,0.43,0,0
ETU_148,Louna Andre,Master,Salle 2,Extérieur,08:02,16:51,0.25,0,0
ETU_149,Enzo Morel,Master,Salle 1,Extérieur,08:17,18:19,0.95,0,0
ETU_150,Louis Thomas,Master,Salle 6,Cafétéria,08:05,18:21,0.41,0,0
ETU_151,Rayan Rousseau,Master,Salle 5,Extérieur,08:37,17:32,0.08,0,0
ETU_152,Maxime Richard,L1,Salle 1,Extérieur,07:58,17:10,0.85,0,0
ETU_153,Antoine Dupont,L2,Salle 5,Cafétéria,08:51,17:43,0.77,0,0
ETU_154,Arthur Rousseau,Master,Salle 2,Cafétéria,07:53,17:14,0.53,0,0
ETU_155,Thomas Lambert,Master,Salle 5,Couloir,08:09,18:05,0.23,0,0
ETU_156,Gabriel Thomas,Master,Salle 6,Cafétéria,08:16,16:58,0.03,0,0
ETU_157,Rayan Richard,L1,Salle 3,Couloir,07:47,17:46,0.97,0,0
ETU_158,Alice Durand,Master,Salle 5,Extérieur,08:34,17:51,0.42,0,0
ETU_159,Rayan Lefevre,L1,Salle 5,Cafétéria,08:10,17:04,0.35,0,0
ETU_160,Thomas Morel,L1,Salle 1,Cafétéria,07:52,17:54,0.69,0,0
ETU_161,Thomas Robert,L2,Salle 4,Couloir,08:42,17:48,0.67,0,0
ETU_162,Emma Bernard,Master,Salle 4,Couloir,07:50,17:26,0.6,0,0
ETU_163,Sarah Thomas,L3,Salle 3,Couloir,08:48,17:45,0.82,0,0
ETU_164,Hugo Leroy,L3,Salle 5,Cafétéria,08:54,17:42,0.83,0,0
ETU_165,Clément Simon,L1,Salle 5,Couloir,08:25,17:33,0.83,0,0
ETU_166,Manon Petit,L2,Salle 6,Couloir,08:42,16:51,0.5,0,0
ETU_167,Julie Vincent,Master,Salle 1,Extérieur,08:17,17:26,0.51,0,0
ETU_168,Nathan Thomas,Master,Salle 5,Extérieur,08:39,17:54,0.95,0,0
ETU_169,Enzo Girard,L2,Salle 2,Couloir,07:57,17:32,0.36,0,0
ETU_170,Lucas Faure,L1,Salle 2,Couloir,08:11,18:14,0.31,0,0
ETU_171,Chloé Dupont,L3,Salle 6,Cafétéria,08:46,18:22,0.16,0,0
ETU_172,Louna Leroy,L3,Salle 6,Couloir,08:59,17:49,0.04,0,0
ETU_173,Léa Thomas,L2,Salle 5,Extérieur,08:22,18:27,0.26,0,0
ETU_174,Maxime Moreau,L1,Salle 6,Extérieur,08:02,17:07,0.24,0,0
ETU_175,Julie Vincent,L1,Salle 1,Cafétéria,08:56,17:59,0.1,0,0
ETU_176,Louis David,L2,Salle 6,Couloir,07:45,16:56,0.22,0,0
ETU_177,Nathan Fontaine,L3,Salle 1,Extérieur,08:51,17:14,0.48,0,0
ETU_178,Rayan Faure,L2,Salle 6,Couloir,07:51,17:21,0.18,0,0
ETU_179,Enzo Durand,Master,Salle 6,Couloir,08:20,16:34,0.03,0,0
ETU_180,Thomas Lambert,Master,Salle 3,Cafétéria,08:16,18:11,0.58,0,0
ETU_181,Nathan Richard,Master,Salle 1,Couloir,08:51,17:16,0.28,0,0
ETU_182,Louna Fournier,L1,Salle 2,Cafétéria,07:51,17:59,0.53,0,0
ETU_183,Julie Morel,L3,Salle 3,Couloir,07:49,18:17,0.53,0,0
ETU_184,Emma Leroy,L1,Salle 4,Couloir,08:32,17:32,0.58,0,0
ETU_185,Clément Lefevre,L2,Salle 4,Extérieur,08:07,17:29,0.69,0,0
ETU_186,Julie Dupont,L1,Salle 4,Extérieur,08:58,16:38,0.33,0,0
ETU_187,Clément Girard,Master,Salle 3,Extérieur,08:32,17:24,0.12,0,0
ETU_188,Théo Durand,L2,Salle 5,Cafétéria,08:40,18:06,0.95,0,0
ETU_189,Julie Fontaine,Master,Salle 4,Cafétéria,08:21,17:00,0.17,0,0
ETU_190,Clément Muller,L2,Salle 6,Cafétéria,08:48,18:17,0.9,0,0
ETU_191,Marie Petit,L3,Salle 4,Cafétéria,07:54,16:50,0.25,0,0
ETU_192,Sarah Petit,Master,Salle 6,Extérieur,08:19,17:15,0.58,0,0
ETU_193,Sarah Richard,L2,Salle 4,Extérieur,08:06,17:31,0.82,0,0
ETU_194,Sarah Robert,L1,Salle 1,Extérieur,08:05,17:19,0.78,0,0
ETU_195,Nathan Lefebvre,L2,Salle 6,Extérieur,08:09,17:26,0.89,0,0
ETU_196,Camille Muller,L3,Salle 4,Couloir,08:16,17:21,0.25,0,0
ETU_197,Louis Morel,L3,Salle 5,Extérieur,07:45,16:58,0.56,0,0
ETU_198,Nathan Faure,L3,Salle 1,Couloir,07:54,18:27,0.26,0,0
ETU_199,Julie Laurent,L3,Salle 4,Extérieur,08:04,17:58,0.96,0,0
ETU_200,Louis Robert,L1,Salle 2,Couloir,07:52,17:28,0.21,0,0
ETU_201,Inès Roux,L3,Salle 1,Extérieur,08:33,18:15,0.96,0,0
ETU_202,Camille Dupont,L2,Salle 6,Couloir,08:04,16:57,0.66,0,0
ETU_203,Arthur Roux,L1,Salle 3,Couloir,08:56,18:01,0.63,0,0
ETU_204,Paul Bernard,L1,Salle 3,Couloir,07:48,17:32,0.4,0,0
ETU_205,Maxime Faure,L3,Salle 2,Extérieur,08:44,17:37,0.09,0,0
ETU_206,Clément Martin,L2,Salle 4,Cafétéria,07:45,16:45,0.66,0,0
ETU_207,Clara Michel,L1,Salle 3,Extérieur,07:52,18:24,0.99,0,0
ETU_208,Théo Richard,L1,Salle 4,Couloir,08:52,17:31,0.37,0,0
ETU_209,Antoine Bertrand,L3,Salle 5,Couloir,08:03,18:13,0.94,0,0
ETU_210,Inès Durand,Master,Salle 2,Couloir,08:34,17:48,0.21,0,0
ETU_211,Louna Robert,L1,Salle 1,Extérieur,09:00,17:20,0.91,0,0
ETU_212,Clara Lefebvre,L2,Salle 1,Cafétéria,08:10,17:19,0.58,0,0
ETU_213,Louna Fournier,L3,Salle 2,Couloir,08:12,17:28,0.22,0,0
ETU_214,Clément Moreau,L3,Salle 5,Couloir,08:38,17:24,0.14,0,0
ETU_215,Léa Lambert,Master,Salle 1,Couloir,08:18,16:42,0.28,0,0
ETU_216,Julie David,L2,Salle 4,Couloir,08:19,17:47,0.83,0,0
ETU_217,Julie Durand,L3,Salle 1,Cafétéria,08:16,17:55,0.36,0,0
ETU_218,Alice Lefebvre,L3,Salle 6,Cafétéria,08:12,16:50,0.76,0,0
ETU_219,Enzo Bertrand,L2,Salle 3,Cafétéria,08:25,18:27,0.22,0,0
ETU_220,Sarah Bertrand,L2,Salle 1,Couloir,07:48,17:26,0.85,0,0
ETU_221,Julie Lefevre,L1,Salle 6,Couloir,08:10,17:36,0.26,0,0
ETU_222,Lucas Moreau,Master,Salle 2,Couloir,08:25,17:41,0.23,0,0
ETU_223,Théo Bertrand,L3,Salle 6,Cafétéria,08:48,18:13,0.06,0,0
ETU_224,Maxime David,L3,Salle 6,Extérieur,08:30,18:24,0.42,0,0
ETU_225,Antoine Fournier,L2,Salle 3,Extérieur,07:54,17:48,0.2,0,0
ETU_226,Emma Dubois,L2,Salle 2,Couloir,08:32,17:05,0.09,0,0
ETU_227,Théo Bonnet,L3,Salle 1,Extérieur,07:50,17:12,0.34,0,0
ETU_228,Louna Muller,L1,Salle 4,Cafétéria,08:15,18:28,0.95,0,0
ETU_229,Louis Vincent,L1,Salle 2,Extérieur,08:53,17:23,0.9,0,0
ETU_230,Louna Richard,L2,Salle 5,Extérieur,08:57,18:20,0.99,0,0
ETU_231,Louna Thomas,Master,Salle 4,Couloir,08:41,17:38,0.04,0,0
ETU_232,Clément Lefevre,Master,Salle 4,Cafétéria,08:46,16:53,0.3,0,0
ETU_233,Louna Roux,Master,Salle 2,Couloir,08:43,18:22,0.35,0,0
ETU_234,Manon Andre,L2,Salle 2,Extérieur,08:15,17:21,0.1,0,0
ETU_235,Louna Laurent,L2,Salle 5,Cafétéria,08:21,17:06,0.3,0,0
ETU_236,Alice Fournier,L2,Salle 4,Cafétéria,08:57,17:11,0.39,0,0
ETU_237,Clara Bonnet,Master,Salle 6,Extérieur,09:00,18:19,0.06,0,0
ETU_238,Maxime Martin,L1,Salle 6,Extérieur,08:27,16:50,0.23,0,0
ETU_239,Thomas Lefevre,L1,Salle 5,Extérieur,08:26,17:02,0.95,0,0
ETU_240,Sarah Durand,L1,Salle 1,Couloir,08:13,17:44,0.55,0,0
ETU_241,Chloé Durand,Master,Salle 3,Couloir,08:08,17:02,0.81,0,0
ETU_242,Emma Lefebvre,L2,Salle 1,Couloir,08:14,18:23,0.99,0,0
ETU_243,Arthur Lefevre,L2,Salle 3,Extérieur,08:21,17:04,0.61,0,0
ETU_244,Hugo Dupont,L3,Salle 1,Couloir,08:13,17:47,0.8,0,0
ETU_245,Maxime Lefevre,L3,Salle 2,Couloir,08:16,17:49,0.74,0,0
ETU_246,Marie Muller,L3,Salle 4,Cafétéria,07:54,17:38,0.66,0,0
ETU_247,Arthur Muller,L2,Salle 2,Extérieur,08:08,17:14,0.92,0,0
ETU_248,Alice Muller,L1,Salle 2,Extérieur,08:03,18:17,0.18,0,0
ETU_249,Maxime Dupont,L3,Salle 6,Cafétéria,08:58,17:33,0.68,0,0
ETU_250,Léa Lefevre,Master,Salle 5,Couloir,08:41,16:49,0.97,0,0
ETU_251,Camille Girard,L1,Salle 3,Cafétéria,07:47,16:52,0.18,0,0
ETU_252,Jules Thomas,L3,Salle 6,Cafétéria,07:54,17:33,0.57,0,0
ETU_253,Mathilde Fontaine,Master,Salle 5,Extérieur,08:57,16:54,0.11,0,0
ETU_254,Maxime Girard,Master,Salle 5,Couloir,08:24,17:58,0.96,0,0
ETU_255,Arthur Lambert,L3,Salle 6,Cafétéria,08:58,16:43,0.74,0,0
ETU_256,Paul Lefevre,L2,Salle 6,Couloir,08:51,18:28,0.89,0,0
ETU_257,Manon Michel,L1,Salle 1,Cafétéria,07:53,17:47,0.48,0,0
ETU_258,Antoine Durand,L3,Salle 6,Extérieur,08:36,17:28,0.31,0,0
ETU_259,Arthur Lefebvre,L3,Salle 5,Extérieur,08:22,16:51,0.76,0,0
ETU_260,Enzo Bernard,L2,Salle 3,Extérieur,08:30,17:35,0.49,0,0
ETU_261,Clara Moreau,L3,Salle 4,Cafétéria,07:53,16:59,0.37,0,0
ETU_262,Arthur Rousseau,L2,Salle 2,Extérieur,08:40,17:21,0.15,0,0
ETU_263,Enzo Morel,L3,Salle 3,Extérieur,07:57,17:31,0.88,0,0
ETU_264,Clément Bertrand,Master,Salle 6,Cafétéria,08:38,17:47,0.98,0,0
ETU_265,Sarah Dupont,Master,Salle 3,Couloir,08:38,18:09,0.6,0,0
ETU_266,Jules Dupont,L2,Salle 5,Extérieur,08:34,18:02,0.97,0,0
ETU_267,Clément Bernard,L2,Salle 6,Extérieur,08:07,17:52,0.4,0,0
ETU_268,Manon Bertrand,Master,Salle 1,Extérieur,08:35,17:26,0.29,0,0
ETU_269,Maxime David,Master,Salle 3,Couloir,08:03,18:21,0.56,0,0
ETU_270,Zoé Girard,L3,Salle 5,Cafétéria,08:17,18:28,0.38,0,0
ETU_271,Gabriel Michel,Master,Salle 3,Extérieur,08:42,17:11,0.64,0,0
ETU_272,Jules Roux,L3,Salle 6,Extérieur,08:53,17:42,0.34,0,0
ETU_273,Hugo Dupont,L1,Salle 1,Couloir,07:57,17:04,0.83,0,0
ETU_274,Emma Leroy,L1,Salle 1,Extérieur,08:55,18:03,0.19,0,0
ETU_275,Mathilde Rousseau,L1,Salle 6,Couloir,08:37,16:54,0.3,2,0
ETU_276,Clara Lefebvre,Master,Salle 2,Cafétéria,07:50,17:13,0.64,0,0
ETU_277,Nathan Roux,L1,Salle 1,Cafétéria,08:53,18:07,0.18,0,0
ETU_278,Léa Petit,Master,Salle 6,Cafétéria,08:08,18:15,0.81,0,0
ETU_279,Emma Robert,L1,Salle 3,Cafétéria,08:12,17:25,0.14,0,0
ETU_280,Léa Leroy,L3,Salle 1,Couloir,08:53,18:02,0.64,0,0
ETU_281,Zoé Vincent,L2,Salle 5,Couloir,08:56,18:12,0.98,0,0
ETU_282,Jules Durand,Master,Salle 3,Couloir,08:21,17:13,0.99,0,0
ETU_283,Hugo Robert,L2,Salle 5,Extérieur,08:17,17:02,0.24,0,0
ETU_284,Julie Leroy,L1,Salle 5,Couloir,08:04,17:26,0.38,0,0
ETU_285,Théo Fontaine,Master,Salle 5,Couloir,08:20,18:00,0.2,0,0
ETU_286,Inès Michel,L1,Salle 5,Cafétéria,07:58,16:53,0.09,0,0
ETU_287,Antoine Bertrand,L2,Salle 2,Extérieur,08:12,17:03,0.05,0,0
ETU_288,Clément Thomas,L2,Salle 1,Extérieur,07:55,17:27,0.3,0,0
ETU_289,Zoé Simon,L1,Salle 1,Extérieur,07:47,18:21,0.75,0,0
ETU_290,Sarah Richard,L1,Salle 5,Cafétéria,08:22,16:51,0.04,0,0
ETU_291,Louna Richard,L2,Salle 3,Extérieur,07:48,18:16,0.38,0,0
ETU_292,Paul Fontaine,L1,Salle 1,Cafétéria,07:59,18:01,0.11,0,0
ETU_293,Inès Vincent,L1,Salle 5,Cafétéria,08:09,17:23,0.3,0,0
ETU_294,Louna Rousseau,Master,Salle 6,Extérieur,07:50,17:13,0.1,0,0
ETU_295,Enzo Andre,L2,Salle 3,Cafétéria,08:42,17:36,0.28,0,0
ETU_296,Camille Durand,L3,Salle 2,Cafétéria,08:29,17:29,0.53,0,0
ETU_297,Clara Fontaine,L3,Salle 1,Couloir,08:46,16:39,0.66,0,0
ETU_298,Thomas Fontaine,L1,Salle 3,Extérieur,08:48,17:50,0.3,0,0
ETU_299,Maxime Moreau,L3,Salle 1,Cafétéria,08:10,17:17,0.2,0,0
ETU_300,Julie Muller,L2,Salle 4,Extérieur,08:44,16:32,0.23,0,0
ETU_301,Louna Faure,L2,Salle 6,Couloir,07:56,16:31,0.57,0,0
ETU_302,Théo Lefebvre,L3,Salle 5,Couloir,08:30,18:01,0.48,0,0
ETU_303,Louna Lefebvre,L2,Salle 2,Cafétéria,08:21,18:20,0.36,0,0
ETU_304,Paul Bonnet,L2,Salle 2,Cafétéria,08:43,17:14,0.06,0,0
ETU_305,Julie Bonnet,L3,Salle 6,Cafétéria,08:57,16:46,0.94,0,0
ETU_306,Rayan Morel,Master,Salle 2,Cafétéria,08:38,16:30,0.71,0,0
ETU_307,Jules Moreau,L3,Salle 4,Extérieur,08:12,17:50,0.52,0,0
ETU_308,Chloé Durand,L3,Salle 5,Couloir,07:47,17:40,0.45,0,0
ETU_309,Manon Simon,L2,Salle 6,Couloir,08:24,17:08,0.26,0,0
ETU_310,Maxime Muller,L2,Salle 2,Extérieur,08:20,16:52,0.44,0,0
ETU_311,Louna Muller,L3,Salle 6,Cafétéria,08:45,18:10,0.72,0,0
ETU_312,Nathan Lambert,L2,Salle 2,Extérieur,08:31,18:27,0.14,0,0
ETU_313,Mathilde Bertrand,L2,Salle 6,Couloir,08:04,17:40,0.54,0,0
ETU_314,Nathan Martin,L3,Salle 3,Couloir,08:03,17:51,0.76,0,0
ETU_315,Camille Michel,Master,Salle 4,Extérieur,08:42,16:56,0.87,0,0
ETU_316,Maxime Lefevre,L3,Salle 2,Couloir,08:56,17:46,0.97,0,0
ETU_317,Gabriel Dupont,L1,Salle 1,Couloir,08:02,16:34,0.62,0,0
ETU_318,Louis Dupont,Master,Salle 5,Couloir,08:42,17:07,0.91,0,0
ETU_319,Rayan Bernard,L1,Salle 5,Extérieur,08:03,17:46,0.1,0,0
ETU_320,Paul Morel,L2,Salle 6,Couloir,08:29,16:50,0.47,0,0
ETU_321,Lucas Fontaine,Master,Salle 4,Cafétéria,08:05,17:32,0.78,0,0
ETU_322,Léa Thomas,L2,Salle 2,Couloir,08:23,18:09,0.21,0,0
ETU_323,Mathilde Lefebvre,L2,Salle 2,Couloir,08:40,17:23,0.52,0,0
ETU_324,Maxime Girard,L3,Salle 2,Cafétéria,08:47,18:09,0.85,0,0
ETU_325,Thomas Leroy,Master,Salle 1,Couloir,08:37,18:07,0.34,0,0
ETU_326,Arthur Girard,L3,Salle 1,Couloir,07:45,18:19,0.43,0,0
ETU_327,Antoine Dupont,L3,Salle 1,Couloir,08:04,17:42,0.59,0,0
ETU_328,Inès Bonnet,Master,Salle 4,Extérieur,07:57,17:31,0.03,0,0
ETU_329,Camille Girard,Master,Salle 5,Extérieur,08:11,18:07,0.11,0,0
ETU_330,Lucas Faure,L3,Salle 4,Extérieur,08:48,16:54,0.86,0,0
ETU_331,Louna Roux,L1,Salle 1,Cafétéria,08:12,17:00,0.92,0,0
ETU_332,Chloé Robert,Master,Salle 6,Cafétéria,07:51,18:11,0.35,0,0
ETU_333,Nathan Martin,L3,Salle 1,Cafétéria,08:54,16:50,0.85,0,0
ETU_334,Théo Robert,Master,Salle 4,Extérieur,08:30,18:18,0.49,0,0
ETU_335,Maxime Fournier,L3,Salle 6,Extérieur,08:17,17:14,0.26,0,0
ETU_336,Clara Lefebvre,L2,Salle 4,Couloir,07:45,18:02,0.3,0,0
ETU_337,Louna Faure,L1,Salle 1,Extérieur,08:50,16:46,0.02,0,0
ETU_338,Thomas Fontaine,Master,Salle 2,Extérieur,08:58,16:56,0.03,0,0
ETU_339,Arthur Fournier,L2,Salle 3,Cafétéria,07:45,17:41,0.05,0,0
ETU_340,Manon Dubois,L3,Salle 4,Couloir,08:09,17:04,0.56,0,0
ETU_341,Mathilde Dupont,L1,Salle 6,Cafétéria,08:38,16:50,0.82,0,0
ETU_342,Arthur Bonnet,L1,Salle 5,Cafétéria,08:10,17:22,0.47,0,0
ETU_343,Clara Bonnet,L1,Salle 5,Extérieur,08:26,17:11,0.25,0,0
ETU_344,Clara Bertrand,L1,Salle 3,Extérieur,08:42,18:22,0.85,0,0
ETU_345,Zoé Bertrand,L1,Salle 5,Cafétéria,08:38,16:46,0.19,0,0
ETU_346,Sarah Roux,L1,Salle 3,Couloir,07:52,16:32,0.06,0,0
ETU_347,Hugo Thomas,L1,Salle 2,Extérieur,08:51,16:36,0.76,0,0
ETU_348,Zoé Leroy,Master,Salle 6,Extérieur,08:02,17:46,1.0,0,0
ETU_349,Maxime Richard,Master,Salle 3,Couloir,08:44,16:42,0.7,0,0
ETU_350,Maxime Vincent,Master,Salle 3,Extérieur,08:37,18:06,0.81,0,0
ETU_351,Gabriel Dubois,L1,Salle 5,Extérieur,08:36,17:26,0.84,0,0
ETU_352,Marie Girard,L2,Salle 5,Couloir,08:04,17:28,0.66,0,0
ETU_353,Mathilde Bertrand,L2,Salle 1,Cafétéria,08:58,17:13,0.87,0,0
ETU_354,Gabriel Petit,L1,Salle 4,Couloir,08:23,18:01,0.04,0,0
ETU_355,Chloé Rousseau,L1,Salle 3,Couloir,08:55,17:13,0.08,0,0
ETU_356,Jules Bonnet,L2,Salle 5,Extérieur,08:52,18:28,0.27,0,0
ETU_357,Hugo David,L2,Salle 2,Extérieur,08:35,18:30,0.82,0,0
ETU_358,Hugo Lefebvre,L3,Salle 6,Cafétéria,08:42,18:08,0.62,0,0
ETU_359,Sarah Bonnet,Master,Salle 3,Cafétéria,08:01,18:10,0.55,0,0
ETU_360,Théo Morel,L1,Salle 1,Cafétéria,07:49,17:42,0.71,0,0
ETU_361,Rayan Dupont,L2,Salle 6,Couloir,08:32,17:35,0.26,0,0
ETU_362,Antoine Bernard,L1,Salle 2,Couloir,08:47,17:16,0.08,0,0
ETU_363,Léa Vincent,L1,Salle 2,Cafétéria,08:53,17:51,0.33,0,0
ETU_364,Marie Durand,Master,Salle 5,Extérieur,07:49,16:44,0.66,0,0
ETU_365,Clara Faure,L1,Salle 3,Extérieur,07:51,18:15,0.39,0,0
ETU_366,Zoé Martin,Master,Salle 2,Cafétéria,08:44,18:25,0.88,0,0
ETU_367,Emma Dubois,L1,Salle 1,Cafétéria,08:50,18:30,0.21,0,0
ETU_368,Paul Robert,L2,Salle 2,Couloir,07:46,16:44,0.7,0,0
ETU_369,Sarah Michel,L1,Salle 1,Extérieur,08:22,18:02,0.96,0,0
ETU_370,Camille Leroy,L2,Salle 3,Extérieur,08:13,18:09,0.5,0,0
ETU_371,Louna Dupont,L2,Salle 4,Couloir,08:44,17:26,0.21,0,0
ETU_372,Sarah Faure,L1,Salle 5,Cafétéria,08:09,18:04,0.12,0,0
ETU_373,Manon Leroy,L3,Salle 6,Cafétéria,07:47,17:21,0.96,0,0
ETU_374,Manon Leroy,L1,Salle 2,Extérieur,08:48,18:04,0.54,0,0
ETU_375,Hugo Petit,L3,Salle 6,Couloir,08:43,16:52,0.17,0,0
ETU_376,Julie Petit,Master,Salle 5,Couloir,08:23,17:59,0.11,0,0
ETU_377,Louna Fontaine,L3,Salle 4,Cafétéria,08:17,16:55,0.3,0,0
ETU_378,Arthur Rousseau,Master,Salle 1,Extérieur,08:38,18:00,0.8,0,0
ETU_379,Jules Muller,L1,Salle 1,Cafétéria,08:20,18:04,0.87,0,0
ETU_380,Louna Durand,L2,Salle 5,Couloir,08:40,17:11,0.38,0,0
ETU_381,Nathan Lefebvre,L2,Salle 1,Cafétéria,08:25,18:08,0.8,0,0
ETU_382,Thomas Bertrand,L3,Salle 1,Couloir,08:11,17:09,0.24,0,0
ETU_383,Clément Bertrand,L1,Salle 5,Couloir,08:43,17:22,0.04,0,0
ETU_384,Maxime Leroy,L2,Salle 3,Cafétéria,08:39,17:25,0.4,0,0
ETU_385,Clément Muller,L3,Salle 3,Cafétéria,08:30,16:31,0.44,0,0
ETU_386,Clément Girard,L2,Salle 3,Extérieur,08:46,18:30,0.88,0,0
ETU_387,Louna Dupont,L2,Salle 3,Couloir,08:16,16:31,0.92,0,0
ETU_388,Gabriel Dubois,L3,Salle 3,Couloir,07:54,18:14,0.83,0,0
ETU_389,Sarah Martin,L2,Salle 3,Cafétéria,07:50,18:02,0.38,0,0
ETU_390,Clara Leroy,L1,Salle 6,Cafétéria,08:34,16:31,0.59,0,0
ETU_391,Antoine Robert,L3,Salle 4,Extérieur,07:48,17:34,0.55,0,0
ETU_392,Théo Bernard,L2,Salle 2,Extérieur,08:24,18:28,0.91,0,0
ETU_393,Rayan Fournier,L3,Salle 5,Extérieur,08:55,17:20,0.01,0,0
ETU_394,Manon Dubois,L1,Salle 3,Extérieur,08:50,18:04,0.56,0,0
ETU_395,Louna Richard,L1,Salle 4,Couloir,08:12,18:08,0.43,0,0
ETU_396,Paul Fontaine,L2,Salle 4,Extérieur,08:45,17:10,0.08,0,0
ETU_397,Thomas Dubois,L1,Salle 6,Cafétéria,08:27,17:33,0.23,0,0
ETU_398,Louna Simon,L2,Salle 5,Cafétéria,07:56,17:37,0.09,0,0
ETU_399,Hugo Laurent,Master,Salle 5,Extérieur,08:23,18:06,0.79,0,0
ETU_400,Jules David,Master,Salle 3,Couloir,08:58,16:30,0.92,0,0
ETU_401,Léa Petit,L2,Salle 4,Extérieur,07:53,17:49,0.61,0,0
ETU_402,Nathan Bonnet,L2,Salle 1,Couloir,08:06,18:14,0.41,0,0
ETU_403,Manon Lefevre,L3,Salle 1,Extérieur,08:28,17:12,0.86,0,0
ETU_404,Louis Morel,L1,Salle 4,Couloir,08:50,17:04,0.05,0,0
ETU_405,Emma Dupont,L1,Salle 2,Cafétéria,08:02,17:24,0.69,0,0
ETU_406,Julie Leroy,Master,Salle 1,Couloir,07:58,18:16,0.77,0,0
ETU_407,Jules Dupont,L2,Salle 4,Couloir,08:16,18:28,0.13,0,0
ETU_408,Arthur Rousseau,Master,Salle 3,Couloir,08:24,17:07,0.43,0,0
ETU_409,Clara Leroy,L3,Salle 3,Couloir,08:00,17:12,0.17,0,0
ETU_410,Arthur Fournier,Master,Salle 3,Extérieur,08:01,18:08,0.28,0,0
ETU_411,Julie Andre,L3,Salle 4,Cafétéria,08:53,17:57,0.19,0,0
ETU_412,Paul Dupont,L3,Salle 3,Extérieur,08:04,17:01,0.01,0,0
ETU_413,Clara David,Master,Salle 3,Extérieur,08:19,17:09,0.73,0,0
ETU_414,Arthur Bertrand,L2,Salle 4,Couloir,08:33,17:31,0.71,0,0
ETU_415,Emma Lambert,L3,Salle 5,Couloir,08:37,16:42,0.67,0,0
ETU_416,Rayan Dupont,L1,Salle 1,Extérieur,08:00,17:31,0.17,0,0
ETU_417,Thomas Dubois,L2,Salle 3,Couloir,08:08,17:19,0.13,0,0
ETU_418,Paul Andre,L2,Salle 3,Extérieur,08:12,18:19,0.37,0,0
ETU_419,Alice Andre,L3,Salle 2,Couloir,08:14,17:16,0.52,0,0
ETU_420,Chloé Leroy,L1,Salle 4,Couloir,08:41,17:53,0.65,0,0
ETU_421,Sarah Petit,L3,Salle 6,Extérieur,08:47,17:55,0.54,0,0
ETU_422,Sarah Petit,L2,Salle 5,Couloir,08:08,18:23,0.72,0,0
ETU_423,Clément Fournier,L3,Salle 1,Extérieur,08:32,17:37,0.16,0,0
ETU_424,Chloé Laurent,L1,Salle 4,Cafétéria,08:10,18:20,0.22,0,0
ETU_425,Chloé Petit,L1,Salle 3,Extérieur,07:45,18:00,0.78,0,0
ETU_426,Lucas Vincent,L2,Salle 4,Couloir,08:12,17:20,0.9,0,0
ETU_427,Clara Durand,L3,Salle 5,Extérieur,08:24,16:41,0.58,0,0
ETU_428,Louna Lefebvre,L3,Salle 6,Couloir,08:06,16:54,0.97,0,0
ETU_429,Julie Petit,L2,Salle 3,Extérieur,07:50,17:48,0.56,0,0
ETU_430,Sarah Vincent,L1,Salle 3,Cafétéria,08:55,16:30,0.91,0,0
ETU_431,Louna Richard,L3,Salle 4,Couloir,08:15,17:26,0.1,0,0
ETU_432,Mathilde Leroy,Master,Salle 2,Cafétéria,08:55,17:51,0.02,0,0
ETU_433,Sarah Muller,L2,Salle 1,Extérieur,07:47,17:28,0.47,0,0
ETU_434,Clément Laurent,L2,Salle 1,Extérieur,08:27,16:54,0.48,0,0
ETU_435,Paul Girard,L2,Salle 5,Couloir,08:23,16:30,0.74,0,0
ETU_436,Louna Petit,L3,Salle 3,Extérieur,07:49,17:20,0.39,0,0
ETU_437,Sarah Dupont,L2,Salle 1,Extérieur,08:58,17:45,0.49,0,0
ETU_438,Rayan Dubois,L2,Salle 6,Extérieur,07:48,18:05,0.48,0,0
ETU_439,Zoé David,L2,Salle 1,Extérieur,08:53,18:26,0.06,0,0
ETU_440,Théo Fontaine,Master,Salle 4,Extérieur,08:26,16:50,0.1,0,0
ETU_441,Gabriel Michel,L3,Salle 1,Cafétéria,08:15,17:54,0.84,0,0
ETU_442,Léa Thomas,L2,Salle 3,Couloir,08:54,18:10,0.53,0,0
ETU_443,Mathilde Girard,L1,Salle 1,Cafétéria,08:56,18:12,0.8,0,0
ETU_444,Camille Girard,L3,Salle 1,Extérieur,07:58,18:21,0.03,0,0
ETU_445,Gabriel Moreau,L3,Salle 4,Extérieur,08:33,17:44,0.08,0,0
ETU_446,Léa Vincent,L1,Salle 3,Extérieur,08:44,18:02,0.37,0,0
ETU_447,Chloé Bonnet,Master,Salle 3,Cafétéria,08:19,17:32,0.31,0,0
ETU_448,Enzo Bonnet,L2,Salle 5,Cafétéria,08:27,17:56,0.5,0,0
ETU_449,Mathilde Bernard,L3,Salle 6,Cafétéria,08:24,17:57,0.63,0,0
ETU_450,Clara Lefebvre,L1,Salle 3,Couloir,08:38,17:37,0.49,0,0
ETU_451,Paul Thomas,L1,Salle 4,Extérieur,08:50,17:39,0.45,0,0
ETU_452,Sarah Morel,L2,Salle 4,Couloir,07:47,18:24,0.8,0,0
ETU_453,Clément Girard,Master,Salle 6,Extérieur,08:50,16:55,0.85,0,0
ETU_454,Lucas Dubois,Master,Salle 1,Couloir,07:57,16:33,0.31,0,0
ETU_455,Louna Andre,Master,Salle 2,Cafétéria,08:11,17:58,0.49,0,0
ETU_456,Arthur Lefebvre,Master,Salle 5,Couloir,08:19,17:54,0.07,0,0
ETU_457,Jules Bernard,L2,Salle 3,Extérieur,08:03,18:18,0.63,0,0
ETU_458,Thomas Bertrand,Master,Salle 3,Cafétéria,08:44,17:05,0.2,0,0
ETU_459,Mathilde Richard,Master,Salle 2,Couloir,07:45,18:06,0.72,0,0
ETU_460,Louna Thomas,L3,Salle 1,Couloir,07:46,17:30,0.94,0,0
ETU_461,Nathan Fournier,L3,Salle 3,Couloir,08:10,17:04,0.04,0,0
ETU_462,Rayan Bonnet,L1,Salle 2,Couloir,08:46,16:37,0.21,0,0
ETU_463,Camille Moreau,L2,Salle 3,Cafétéria,08:52,17:41,0.1,0,0
ETU_464,Thomas Martin,L2,Salle 2,Extérieur,08:42,17:29,0.85,0,0
ETU_465,Manon Girard,L1,Salle 3,Cafétéria,08:36,18:15,0.46,0,0
ETU_466,Paul Muller,L2,Salle 1,Cafétéria,08:24,17:46,0.16,0,0
ETU_467,Léa Michel,L3,Salle 4,Extérieur,07:53,18:08,0.23,0,0
ETU_468,Alice Girard,L2,Salle 4,Extérieur,08:28,16:43,0.82,0,0
ETU_469,Inès Vincent,L2,Salle 5,Cafétéria,08:31,18:19,0.9,0,0
ETU_470,Mathilde Morel,L3,Salle 2,Couloir,08:15,17:45,0.04,0,0
ETU_471,Camille Durand,L2,Salle 4,Extérieur,08:39,17:34,0.57,0,0
ETU_472,Louis Laurent,Master,Salle 6,Extérieur,08:01,17:21,0.83,0,0
ETU_473,Louna Bertrand,L3,Salle 1,Cafétéria,08:30,16:36,0.46,0,0
ETU_474,Chloé Fournier,Master,Salle 3,Cafétéria,08:18,16:49,0.56,0,0
ETU_475,Maxime Michel,Master,Salle 6,Couloir,08:56,17:33,0.46,0,0
ETU_476,Gabriel Thomas,L1,Salle 1,Extérieur,08:01,18:22,0.36,0,0
ETU_477,Thomas Bernard,L1,Salle 6,Extérieur,08:17,17:09,0.83,0,0
ETU_478,Chloé Robert,L2,Salle 2,Extérieur,08:04,17:55,0.65,0,0
ETU_479,Théo Faure,Master,Salle 2,Couloir,08:14,18:01,0.51,0,0
ETU_480,Zoé Durand,L2,Salle 5,Cafétéria,08:23,17:53,0.94,0,0
ETU_481,Camille Thomas,L1,Salle 6,Couloir,07:50,17:06,0.54,0,0
ETU_482,Arthur Leroy,Master,Salle 6,Cafétéria,08:53,16:41,0.4,0,0
ETU_483,Léa Laurent,L3,Salle 5,Cafétéria,08:00,18:16,0.28,0,0
ETU_484,Mathilde Durand,L2,Salle 2,Couloir,07:56,17:29,1.0,0,0
ETU_485,Enzo Petit,L2,Salle 4,Extérieur,08:51,17:16,0.7,0,0
ETU_486,Emma Rousseau,L3,Salle 1,Couloir,08:37,16:45,0.38,0,0
ETU_487,Maxime Andre,L1,Salle 5,Couloir,08:07,17:51,0.07,0,0
ETU_488,Julie Lambert,Master,Salle 4,Couloir,08:14,17:08,0.4,0,0
ETU_489,Gabriel Roux,L2,Salle 3,Cafétéria,07:59,16:31,0.68,0,0
ETU_490,Thomas Lambert,Master,Salle 5,Cafétéria,08:48,17:39,0.71,0,0
ETU_491,Lucas Bonnet,L2,Salle 1,Cafétéria,08:15,16:40,0.36,0,0
ETU_492,Emma David,L1,Salle 6,Cafétéria,08:04,16:42,0.31,0,0
ETU_493,Sarah Bernard,Master,Salle 4,Cafétéria,08:53,17:01,0.37,0,0
ETU_494,Paul Morel,Master,Salle 3,Extérieur,08:15,17:09,0.83,0,0
ETU_495,Chloé Dupont,L3,Salle 4,Extérieur,07:53,16:41,0.9,0,0
ETU_496,Jules Lefevre,Master,Salle 3,Couloir,07:57,18:19,0.5,0,0
ETU_497,Léa Andre,L3,Salle 2,Extérieur,08:13,17:38,0.02,0,0
ETU_498,Sarah Morel,L3,Salle 3,Extérieur,08:47,18:27,0.71,0,0
ETU_499,Chloé Girard,L3,Salle 3,Extérieur,08:26,18:13,0.64,0,0
ETU_500,Camille Girard,L2,Salle 3,Extérieur,08:51,18:19,0.11,0,0
ETU_501,Louis Roux,Master,Salle 1,Cafétéria,08:40,17:39,0.55,0,0
ETU_502,Louis Bernard,Master,Salle 6,Cafétéria,08:15,17:22,0.5,0,0
ETU_503,Théo Rousseau,L3,Salle 6,Extérieur,07:53,17:00,0.8,0,0
ETU_504,Hugo Fontaine,L2,Salle 3,Extérieur,08:12,18:03,0.63,0,0
ETU_505,Théo Roux,L1,Salle 5,Cafétéria,08:23,17:44,0.84,0,0
ETU_506,Jules Durand,L2,Salle 1,Cafétéria,08:50,16:30,0.76,0,0
ETU_507,Louna Robert,Master,Salle 1,Couloir,08:01,17:55,0.79,0,0
ETU_508,Théo Laurent,L1,Salle 2,Cafétéria,08:59,18:14,0.57,0,0
ETU_509,Sarah Morel,L3,Salle 6,Cafétéria,08:09,18:26,0.84,0,0
ETU_510,Julie Girard,Master,Salle 4,Couloir,08:01,16:47,0.53,0,0
ETU_511,Thomas Girard,L1,Salle 1,Extérieur,08:32,17:37,0.73,0,0
ETU_512,Maxime Girard,L1,Salle 5,Couloir,08:48,18:17,0.64,0,0
ETU_513,Rayan Leroy,Master,Salle 6,Cafétéria,08:28,17:02,0.68,0,0
ETU_514,Louna Dubois,L1,Salle 5,Couloir,08:11,18:00,0.62,0,0
ETU_515,Alice Muller,Master,Salle 4,Couloir,08:00,16:40,0.14,0,0
ETU_516,Léa Richard,L3,Salle 3,Cafétéria,08:57,17:31,0.57,0,0
ETU_517,Mathilde Leroy,Master,Salle 5,Couloir,08:15,18:06,0.17,0,0
ETU_518,Julie Dupont,L2,Salle 1,Couloir,07:53,16:52,0.64,0,0
ETU_519,Clara Laurent,L1,Salle 3,Cafétéria,08:20,17:46,0.08,0,0
ETU_520,Clara Fontaine,L2,Salle 3,Cafétéria,08:12,16:53,0.93,0,0
ETU_521,Zoé Richard,L3,Salle 6,Extérieur,08:09,18:18,0.68,0,0
ETU_522,Louis Dubois,Master,Salle 3,Couloir,08:57,17:33,0.3,0,0
ETU_523,Chloé Durand,L2,Salle 4,Extérieur,08:11,16:57,0.4,0,0
ETU_524,Nathan Andre,L2,Salle 5,Couloir,08:54,17:17,0.23,0,0
ETU_525,Gabriel Girard,L2,Salle 2,Couloir,08:51,16:52,0.75,0,0
ETU_526,Arthur Roux,Master,Salle 3,Cafétéria,08:36,18:17,0.15,0,0
ETU_527,Clément Leroy,Master,Salle 2,Cafétéria,09:00,17:53,0.54,0,0
ETU_528,Gabriel Durand,L3,Salle 6,Cafétéria,08:51,17:47,0.3,0,0
ETU_529,Louna Fontaine,L1,Salle 1,Couloir,08:51,16:45,0.54,0,0
ETU_530,Sarah Lefevre,Master,Salle 6,Extérieur,08:15,18:28,0.24,0,0
ETU_531,Alice Faure,L3,Salle 6,Cafétéria,08:58,18:22,0.38,0,0
ETU_532,Louna Martin,Master,Salle 6,Couloir,08:55,16:33,0.6,0,0
ETU_533,Théo Laurent,L1,Salle 6,Couloir,08:00,17:33,0.1,0,0
ETU_534,Nathan Michel,L2,Salle 3,Cafétéria,08:04,18:26,0.27,0,0
ETU_535,Arthur Andre,L1,Salle 6,Couloir,08:32,17:11,0.32,0,0
ETU_536,Julie Durand,L1,Salle 3,Extérieur,08:21,17:07,0.06,0,0
ETU_537,Paul Roux,L1,Salle 1,Couloir,07:57,18:10,0.91,0,0
ETU_538,Inès Andre,L2,Salle 6,Couloir,08:29,17:35,0.79,0,0
ETU_539,Jules Lefevre,L3,Salle 1,Extérieur,07:48,17:50,0.46,0,0
ETU_540,Enzo Rousseau,Master,Salle 2,Cafétéria,07:58,17:26,0.46,0,0
ETU_541,Thomas Roux,Master,Salle 4,Couloir,07:55,17:00,0.72,0,0
ETU_542,Nathan Girard,L2,Salle 5,Extérieur,08:35,17:25,0.92,0,0
ETU_543,Antoine Petit,L2,Salle 3,Extérieur,08:13,18:01,0.83,0,0
ETU_544,Louna Andre,L2,Salle 5,Cafétéria,08:34,18:06,0.92,0,0
ETU_545,Rayan Petit,Master,Salle 2,Extérieur,08:01,17:19,0.93,0,0
ETU_546,Lucas Robert,L1,Salle 3,Couloir,08:12,18:05,0.7,0,0
ETU_547,Manon Thomas,L1,Salle 4,Couloir,08:18,17:38,0.39,0,0
ETU_548,Alice Muller,Master,Salle 3,Extérieur,08:32,16:40,0.04,0,0
ETU_549,Jules Morel,Master,Salle 4,Couloir,08:45,17:12,0.72,0,0
ETU_550,Alice Petit,L3,Salle 4,Cafétéria,07:45,16:57,0.21,0,0
ETU_551,Paul Vincent,Master,Salle 1,Extérieur,07:47,16:40,0.65,0,0
ETU_552,Théo Robert,L2,Salle 5,Cafétéria,08:55,16:43,0.83,0,0
ETU_553,Alice Girard,Master,Salle 3,Cafétéria,08:37,16:36,0.9,0,0
ETU_554,Gabriel Muller,L1,Salle 1,Couloir,09:00,18:06,0.68,0,0
ETU_555,Paul Rousseau,L2,Salle 4,Extérieur,08:27,16:45,0.49,0,0
ETU_556,Louis Thomas,L2,Salle 6,Couloir,07:45,18:06,0.31,0,0
ETU_557,Louna Durand,L2,Salle 1,Extérieur,08:55,18:28,0.67,0,0
ETU_558,Lucas Roux,Master,Salle 5,Couloir,07:56,17:13,0.29,0,0
ETU_559,Antoine Morel,Master,Salle 3,Couloir,08:09,18:27,0.47,0,0
ETU_560,Arthur Andre,Master,Salle 2,Couloir,08:24,16:58,0.2,0,0
ETU_561,Léa Martin,Master,Salle 6,Cafétéria,07:56,17:12,0.35,0,0
ETU_562,Louis Fontaine,L2,Salle 2,Couloir,08:19,17:15,0.03,0,0
ETU_563,Jules Dupont,L2,Salle 1,Cafétéria,08:54,17:44,0.94,0,0
ETU_564,Théo Dubois,L2,Salle 1,Cafétéria,08:02,17:08,0.42,0,0
ETU_565,Thomas Vincent,Master,Salle 6,Couloir,08:19,17:35,0.32,0,0
ETU_566,Inès Leroy,L2,Salle 6,Extérieur,07:52,16:33,0.71,0,0
ETU_567,Rayan Muller,L1,Salle 4,Cafétéria,08:51,17:06,0.29,0,0
ETU_568,Louna Lefevre,L2,Salle 2,Couloir,07:52,18:29,0.45,0,0
ETU_569,Clément Roux,Master,Salle 5,Couloir,08:00,17:26,0.86,0,0
ETU_570,Clara Dupont,L1,Salle 5,Extérieur,08:19,16:37,0.66,0,0
ETU_571,Clément Dubois,Master,Salle 2,Couloir,08:19,17:41,0.92,0,0
ETU_572,Maxime Bonnet,Master,Salle 6,Extérieur,08:01,17:34,0.45,0,0
ETU_573,Hugo Faure,L3,Salle 6,Couloir,08:55,16:30,0.9,0,0
ETU_574,Jules Roux,L2,Salle 5,Cafétéria,08:30,16:59,0.21,0,0
ETU_575,Zoé Laurent,L3,Salle 6,Extérieur,08:45,17:06,0.42,0,0
ETU_576,Marie Vincent,L3,Salle 5,Cafétéria,08:09,18:26,0.18,0,0
ETU_577,Sarah Martin,Master,Salle 5,Extérieur,08:41,17:54,0.32,0,0
ETU_578,Manon Faure,L3,Salle 4,Extérieur,08:34,17:40,0.38,0,0
ETU_579,Nathan Fournier,L2,Salle 5,Cafétéria,08:56,18:05,0.35,0,0
ETU_580,Maxime Roux,L1,Salle 6,Couloir,08:54,17:16,0.08,0,0
ETU_581,Lucas Leroy,L1,Salle 2,Couloir,08:31,17:56,0.8,0,0
ETU_582,Zoé Bertrand,L2,Salle 3,Extérieur,09:00,16:57,0.33,0,0
ETU_583,Inès Michel,Master,Salle 2,Cafétéria,07:48,16:41,0.13,0,0
ETU_584,Camille Robert,L3,Salle 2,Couloir,08:07,18:20,0.58,0,0
ETU_585,Chloé Martin,Master,Salle 4,Cafétéria,08:45,18:00,0.71,0,0
ETU_586,Thomas David,Master,Salle 5,Extérieur,08:04,16:51,0.72,0,0
ETU_587,Louna Dupont,L3,Salle 2,Couloir,08:36,17:06,0.22,0,0
ETU_588,Clément Fontaine,L2,Salle 4,Cafétéria,08:41,18:11,0.57,0,0
ETU_589,Lucas Bonnet,L3,Salle 5,Couloir,08:02,18:02,0.52,0,0
ETU_590,Théo Rousseau,L3,Salle 1,Couloir,08:21,16:51,0.28,0,0
ETU_591,Antoine Robert,Master,Salle 3,Cafétéria,08:36,17:02,0.75,0,0
ETU_592,Enzo Vincent,L2,Salle 5,Cafétéria,08:14,16:50,0.4,0,0
ETU_593,Théo Lambert,L2,Salle 6,Couloir,08:08,18:25,0.81,0,0
ETU_594,Camille Robert,L3,Salle 4,Extérieur,08:30,17:55,0.32,0,0
ETU_595,Marie Martin,L1,Salle 1,Cafétéria,08:08,18:29,0.07,0,0
ETU_596,Nathan Thomas,L2,Salle 2,Couloir,08:12,17:11,0.84,0,0
ETU_597,Louna Vincent,L3,Salle 1,Couloir,08:39,17:21,0.63,0,0
ETU_598,Gabriel Lefevre,L3,Salle 4,Extérieur,08:56,17:03,0.04,0,0
ETU_599,Zoé Fontaine,L2,Salle 1,Extérieur,08:06,18:08,0.56,0,0
ETU_600,Paul Petit,L1,Salle 6,Cafétéria,08:34,16:53,0.64,0,0
ETU_601,Manon Lefevre,L3,Salle 6,Couloir,08:00,17:31,0.64,0,0
ETU_602,Louna Vincent,L3,Salle 2,Cafétéria,08:43,18:07,0.85,0,0
ETU_603,Louna Simon,Master,Salle 4,Cafétéria,08:45,17:44,0.85,0,0
ETU_604,Manon Leroy,Master,Salle 2,Extérieur,08:22,18:30,0.02,0,0
ETU_605,Paul Lefebvre,L1,Salle 2,Couloir,08:59,17:03,0.43,0,0
ETU_606,Emma David,L2,Salle 1,Extérieur,08:37,17:35,0.66,0,0
ETU_607,Léa Andre,L1,Salle 5,Extérieur,08:51,18:16,0.63,0,0
ETU_608,Camille Andre,Master,Salle 1,Couloir,08:57,16:34,0.1,0,0
ETU_609,Clara Petit,L2,Salle 3,Extérieur,08:50,17:36,0.7,0,0
ETU_610,Louna Martin,L2,Salle 4,Couloir,08:15,16:32,0.52,0,0
ETU_611,Antoine Dubois,L1,Salle 1,Couloir,07:55,18:05,0.4,0,0
ETU_612,Maxime Rousseau,L1,Salle 6,Couloir,08:25,16:40,0.66,0,0
ETU_613,Jules Petit,Master,Salle 2,Cafétéria,08:03,16:32,0.6,0,0
ETU_614,Lucas David,L2,Salle 1,Couloir,08:20,18:04,0.19,0,0
ETU_615,Hugo Faure,L2,Salle 6,Cafétéria,08:52,17:38,0.06,0,0
ETU_616,Manon Laurent,L1,Salle 5,Extérieur,07:50,16:44,0.89,0,0
ETU_617,Gabriel Richard,L2,Salle 3,Cafétéria,08:08,18:06,0.94,0,0
ETU_618,Julie Martin,L2,Salle 6,Cafétéria,08:45,18:05,0.08,0,0
ETU_619,Manon Bernard,L1,Salle 2,Extérieur,08:53,17:15,0.79,0,0
ETU_620,Marie Andre,Master,Salle 2,Cafétéria,08:03,18:03,0.16,0,0
ETU_621,Nathan Roux,L1,Salle 5,Extérieur,08:01,18:09,0.53,0,0
ETU_622,Jules Bertrand,L1,Salle 6,Couloir,08:54,18:00,0.78,0,0
ETU_623,Théo Lambert,L1,Salle 6,Couloir,08:48,18:14,0.2,0,0
ETU_624,Louna Lambert,L2,Salle 4,Couloir,07:48,16:57,0.12,0,0
ETU_625,Chloé Martin,L3,Salle 5,Extérieur,08:30,17:16,0.86,0,0
ETU_626,Marie Vincent,Master,Salle 3,Couloir,08:32,17:38,0.76,0,0
ETU_627,Marie Moreau,L2,Salle 4,Extérieur,08:16,17:05,0.6,0,0
ETU_628,Maxime Durand,L3,Salle 2,Extérieur,08:59,16:57,0.38,0,0
ETU_629,Alice Rousseau,Master,Salle 1,Cafétéria,08:42,17:34,0.11,0,0
ETU_630,Léa Girard,L3,Salle 2,Extérieur,08:29,17:12,0.44,0,0
ETU_631,Enzo Fontaine,L1,Salle 2,Couloir,08:52,17:39,0.19,0,0
ETU_632,Maxime Petit,L3,Salle 4,Extérieur,08:58,18:06,0.77,0,0
ETU_633,Léa Muller,Master,Salle 4,Extérieur,08:40,16:47,0.57,0,0
ETU_634,Hugo Dupont,Master,Salle 1,Extérieur,08:50,18:06,0.67,0,0
ETU_635,Julie Dubois,L1,Salle 6,Extérieur,08:36,18:17,0.89,0,0
ETU_636,Chloé Bernard,L2,Salle 1,Cafétéria,08:15,16:39,0.55,0,0
ETU_637,Emma Dupont,L1,Salle 2,Cafétéria,08:52,17:40,0.61,0,0
ETU_638,Louis Fontaine,Master,Salle 6,Cafétéria,08:59,16:32,0.17,0,0
ETU_639,Théo Andre,L3,Salle 2,Extérieur,07:46,18:21,0.92,0,0
ETU_640,Chloé Bertrand,L2,Salle 3,Extérieur,08:30,18:21,0.75,0,0
ETU_641,Marie Morel,Master,Salle 4,Extérieur,08:35,17:00,0.98,0,0
ETU_642,Zoé Richard,L1,Salle 2,Couloir,08:51,17:49,0.32,0,0
ETU_643,Manon Robert,L1,Salle 4,Cafétéria,08:19,17:52,0.07,0,0
ETU_644,Rayan Laurent,L1,Salle 4,Extérieur,08:27,16:45,0.04,0,0
ETU_645,Jules Richard,Master,Salle 4,Couloir,08:45,17:39,0.21,0,0
ETU_646,Enzo Durand,Master,Salle 1,Couloir,08:05,16:37,0.77,0,0
ETU_647,Hugo Roux,L3,Salle 2,Extérieur,08:19,17:52,0.99,0,0
ETU_648,Louna Andre,L3,Salle 4,Cafétéria,08:08,17:05,0.42,0,0
ETU_649,Paul Roux,L2,Salle 4,Couloir,08:09,17:04,0.06,0,0
ETU_650,Zoé Faure,Master,Salle 1,Extérieur,08:18,16:33,0.58,0,0
ETU_651,Nathan Andre,L2,Salle 6,Couloir,08:40,18:13,0.8,0,0
ETU_652,Mathilde Robert,L3,Salle 6,Extérieur,07:48,17:34,0.26,0,0
ETU_653,Thomas Bernard,L1,Salle 4,Extérieur,08:23,17:13,0.29,0,0
ETU_654,Clara Bonnet,L1,Salle 4,Extérieur,07:56,17:25,0.3,0,0
ETU_655,Chloé Fontaine,Master,Salle 5,Couloir,08:06,16:34,0.81,0,0
ETU_656,Louna Vincent,Master,Salle 4,Extérieur,07:57,16:31,0.48,0,0
ETU_657,Jules Morel,L3,Salle 4,Extérieur,07:53,16:54,0.75,0,0
ETU_658,Clara Rousseau,Master,Salle 3,Couloir,07:57,16:55,0.85,0,0
ETU_659,Louna Martin,L2,Salle 2,Cafétéria,08:45,18:18,0.38,0,0
ETU_660,Chloé Bernard,L3,Salle 6,Cafétéria,07:53,18:03,0.64,0,0
ETU_661,Alice Lefebvre,L3,Salle 3,Couloir,08:01,17:06,0.14,0,0
ETU_662,Hugo Vincent,L3,Salle 3,Couloir,08:39,17:05,0.36,0,0
ETU_663,Louis Fournier,L3,Salle 4,Couloir,07:55,16:32,0.46,0,0
ETU_664,Louna Robert,L3,Salle 3,Couloir,08:24,16:52,0.41,0,0
ETU_665,Camille Simon,L2,Salle 3,Cafétéria,07:56,17:28,0.99,0,0
ETU_666,Chloé Thomas,L1,Salle 5,Cafétéria,08:52,17:15,0.42,0,0
ETU_667,Manon Roux,L1,Salle 3,Couloir,07:57,18:07,0.02,0,0
ETU_668,Chloé Girard,L3,Salle 6,Extérieur,08:01,17:24,0.46,0,0
ETU_669,Inès Bernard,L2,Salle 6,Couloir,08:19,17:17,0.21,0,0
ETU_670,Louna Dupont,Master,Salle 3,Cafétéria,08:19,18:26,0.29,0,0
ETU_671,Julie Laurent,L2,Salle 4,Cafétéria,08:03,18:20,0.86,0,0
ETU_672,Rayan Simon,L3,Salle 5,Couloir,07:55,17:13,0.58,0,0
ETU_673,Enzo Bernard,L2,Salle 1,Extérieur,08:02,18:30,0.13,0,0
ETU_674,Enzo Dupont,L1,Salle 3,Cafétéria,08:03,18:16,0.76,0,0
ETU_675,Arthur Simon,L2,Salle 4,Cafétéria,08:39,16:59,0.07,0,0
ETU_676,Louna Morel,L2,Salle 6,Couloir,08:42,17:25,0.57,0,0
ETU_677,Inès Andre,Master,Salle 2,Couloir,08:20,17:03,0.27,0,0
ETU_678,Léa Durand,Master,Salle 4,Cafétéria,07:47,16:35,0.04,0,0
ETU_679,Hugo Robert,L3,Salle 6,Couloir,08:16,16:48,0.66,0,0
ETU_680,Thomas Laurent,L1,Salle 4,Couloir,08:37,17:19,0.0,0,0
ETU_681,Thomas Moreau,L3,Salle 2,Couloir,07:57,16:48,0.03,0,0
ETU_682,Maxime Bernard,Master,Salle 2,Cafétéria,08:59,18:23,0.16,0,0
ETU_683,Enzo Faure,L3,Salle 3,Extérieur,09:00,16:49,0.84,0,0
ETU_684,Enzo Moreau,Master,Salle 3,Extérieur,08:50,16:49,0.3,0,0
ETU_685,Clara Petit,L2,Salle 1,Extérieur,08:25,16:55,0.82,0,0
ETU_686,Léa Muller,L2,Salle 2,Extérieur,07:52,16:37,0.76,0,0
ETU_687,Marie David,Master,Salle 2,Couloir,08:29,17:25,0.74,2,0
ETU_688,Julie Andre,L1,Salle 6,Couloir,07:54,17:57,0.43,0,0
ETU_689,Marie Robert,Master,Salle 5,Extérieur,07:56,16:58,0.12,0,0
ETU_690,Jules Bernard,Master,Salle 1,Cafétéria,07:58,16:37,0.48,0,0
ETU_691,Arthur Faure,L2,Salle 5,Extérieur,08:29,17:03,0.9,0,0
ETU_692,Alice Fontaine,L3,Salle 6,Extérieur,08:59,17:55,0.45,0,0
ETU_693,Marie Dupont,L3,Salle 2,Extérieur,08:09,17:52,0.13,0,0
ETU_694,Antoine Lambert,L2,Salle 1,Cafétéria,08:43,16:36,0.09,0,0
ETU_695,Marie Moreau,Master,Salle 4,Cafétéria,08:03,16:56,0.26,0,0
ETU_696,Arthur Dupont,L3,Salle 1,Cafétéria,08:58,16:32,0.98,0,0
ETU_697,Louna Bonnet,Master,Salle 1,Cafétéria,08:16,16:57,0.35,0,0
ETU_698,Clément Muller,L3,Salle 3,Cafétéria,08:04,18:18,0.94,0,0
ETU_699,Nathan Bertrand,L1,Salle 2,Couloir,08:31,18:17,0.97,0,0
ETU_700,Hugo Faure,Master,Salle 4,Couloir,08:45,17:39,0.39,0,0
ETU_701,Théo Thomas,L2,Salle 2,Extérieur,08:25,18:25,0.48,0,0
ETU_702,Sarah Dupont,L3,Salle 5,Extérieur,08:28,17:32,0.65,0,0
ETU_703,Gabriel Dupont,L1,Salle 4,Extérieur,08:49,18:04,1.0,0,0
ETU_704,Arthur Dubois,L3,Salle 3,Couloir,07:50,17:52,0.74,0,0
ETU_705,Alice Lefebvre,L1,Salle 3,Extérieur,08:51,17:24,0.8,0,0
ETU_706,Louna Roux,L1,Salle 1,Cafétéria,08:39,17:04,0.06,0,0
ETU_707,Arthur Muller,L3,Salle 2,Cafétéria,08:46,17:04,0.12,0,0
ETU_708,Enzo Fontaine,L3,Salle 1,Extérieur,08:07,17:41,0.08,0,0
ETU_709,Jules Durand,L3,Salle 6,Couloir,08:00,17:41,0.14,0,0
ETU_710,Rayan David,L3,Salle 4,Cafétéria,08:50,16:31,0.66,0,0
ETU_711,Louna Roux,L3,Salle 1,Extérieur,08:18,17:24,0.78,0,0
ETU_712,Emma Lefevre,L1,Salle 6,Extérieur,08:25,17:35,0.48,0,0
ETU_713,Léa Moreau,L2,Salle 6,Extérieur,08:20,17:33,0.28,0,0
ETU_714,Alice Lambert,L2,Salle 1,Couloir,08:54,18:10,0.42,0,0
ETU_715,Mathilde Dupont,Master,Salle 3,Cafétéria,08:56,18:16,0.38,0,0
ETU_716,Thomas Vincent,L1,Salle 3,Cafétéria,08:47,16:49,0.74,0,0
ETU_717,Léa Morel,L2,Salle 3,Extérieur,07:45,17:49,0.61,0,0
ETU_718,Chloé David,L3,Salle 4,Couloir,08:47,16:47,0.12,0,0
ETU_719,Camille Fontaine,L2,Salle 3,Extérieur,07:53,17:19,0.01,0,0
ETU_720,Louna Muller,Master,Salle 1,Couloir,08:00,18:14,0.84,0,0
ETU_721,Antoine Bonnet,L3,Salle 5,Cafétéria,08:20,16:33,0.93,0,0
ETU_722,Rayan Moreau,L2,Salle 5,Extérieur,08:03,17:50,0.3,0,0
ETU_723,Julie Bonnet,L2,Salle 4,Extérieur,08:24,18:07,0.32,0,0
ETU_724,Rayan Muller,L1,Salle 1,Cafétéria,08:13,17:24,0.8,0,0
ETU_725,Manon Lefebvre,L1,Salle 2,Couloir,08:20,16:50,0.66,0,0
ETU_726,Hugo Dubois,L2,Salle 2,Cafétéria,08:06,17:42,0.43,0,0
ETU_727,Sarah Lambert,Master,Salle 4,Extérieur,08:35,16:40,0.3,0,0
ETU_728,Enzo Vincent,L1,Salle 5,Cafétéria,07:46,18:27,0.11,0,0
ETU_729,Léa Rousseau,L2,Salle 2,Extérieur,08:33,18:23,0.58,0,0
ETU_730,Mathilde Muller,L3,Salle 3,Extérieur,08:29,18:06,0.89,0,0
ETU_731,Sarah Richard,Master,Salle 2,Extérieur,08:51,18:24,0.78,0,0
ETU_732,Arthur Michel,L3,Salle 1,Extérieur,08:50,17:11,0.81,0,0
ETU_733,Jules Lefevre,Master,Salle 4,Couloir,08:24,16:57,0.81,0,0
ETU_734,Camille Simon,Master,Salle 3,Cafétéria,07:46,18:18,0.35,0,0
ETU_735,Alice Petit,L3,Salle 6,Extérieur,08:46,17:57,0.94,0,0
ETU_736,Louis Petit,Master,Salle 6,Cafétéria,07:57,17:33,0.75,0,0
ETU_737,Antoine Morel,L3,Salle 6,Cafétéria,08:42,16:55,0.72,0,0
ETU_738,Paul Thomas,L3,Salle 1,Couloir,08:26,17:08,0.49,0,0
ETU_739,Zoé Dubois,L2,Salle 2,Couloir,08:10,16:47,0.87,0,0
ETU_740,Clara David,L2,Salle 2,Extérieur,07:49,18:01,0.89,0,0
ETU_741,Jules Girard,L3,Salle 4,Cafétéria,08:08,16:40,0.86,0,0
ETU_742,Gabriel Rousseau,Master,Salle 1,Extérieur,08:32,17:56,0.31,0,0
ETU_743,Louis Moreau,Master,Salle 6,Cafétéria,08:48,16:35,0.21,0,0
ETU_744,Marie Moreau,L1,Salle 1,Couloir,08:46,18:30,0.7,0,0
ETU_745,Mathilde Simon,L3,Salle 2,Cafétéria,08:29,16:31,0.12,0,0
ETU_746,Antoine Fournier,L1,Salle 3,Couloir,08:57,16:56,0.8,0,0
ETU_747,Julie Durand,Master,Salle 3,Cafétéria,08:33,17:03,0.58,0,0
ETU_748,Chloé Durand,L1,Salle 6,Cafétéria,08:29,18:18,0.58,0,0
ETU_749,Paul Dupont,L1,Salle 5,Extérieur,08:46,17:12,0.23,0,0
ETU_750,Enzo Thomas,L2,Salle 2,Couloir,08:18,17:39,0.22,0,0
ETU_751,Rayan Bernard,Master,Salle 6,Cafétéria,08:13,17:55,0.74,0,0
ETU_752,Zoé Bertrand,L1,Salle 6,Couloir,08:40,17:48,0.38,0,0
ETU_753,Nathan Lefebvre,L2,Salle 6,Cafétéria,08:09,17:24,0.31,0,0
ETU_754,Gabriel Fontaine,L1,Salle 1,Extérieur,08:19,17:55,0.27,0,0
ETU_755,Sarah Andre,L2,Salle 4,Couloir,08:11,17:57,0.44,0,0
ETU_756,Alice Moreau,L2,Salle 2,Extérieur,08:34,16:56,0.99,0,0
ETU_757,Rayan Girard,L2,Salle 6,Couloir,08:11,17:37,0.37,0,0
ETU_758,Jules Robert,Master,Salle 2,Cafétéria,08:42,17:47,0.7,0,0
ETU_759,Jules Morel,Master,Salle 2,Couloir,08:55,18:26,0.92,0,0
ETU_760,Lucas David,Master,Salle 4,Extérieur,08:11,17:39,0.7,0,0
ETU_761,Louna Morel,Master,Salle 2,Couloir,08:07,18:00,0.82,0,0
ETU_762,Gabriel Lambert,L2,Salle 4,Couloir,08:28,17:32,0.71,0,0
ETU_763,Camille Rousseau,L1,Salle 5,Cafétéria,08:37,16:30,0.08,0,0
ETU_764,Camille Moreau,L2,Salle 6,Cafétéria,08:04,17:30,0.99,0,0
ETU_765,Maxime Durand,Master,Salle 2,Couloir,07:46,16:48,0.53,0,0
ETU_766,Arthur Laurent,L1,Salle 4,Couloir,08:14,16:47,0.3,0,0
ETU_767,Sarah Robert,L2,Salle 3,Cafétéria,08:21,17:06,0.32,0,0
ETU_768,Zoé Richard,Master,Salle 1,Extérieur,08:31,17:20,0.05,0,0
ETU_769,Clément Dubois,L1,Salle 4,Couloir,08:04,16:40,0.82,0,0
ETU_770,Lucas Andre,L1,Salle 3,Cafétéria,08:23,17:54,0.31,0,0
ETU_771,Paul Faure,Master,Salle 4,Extérieur,08:13,18:12,0.36,0,0
ETU_772,Louna Lambert,L2,Salle 6,Cafétéria,08:27,16:57,0.56,0,0
ETU_773,Marie Faure,L3,Salle 1,Cafétéria,08:45,17:46,0.79,0,0
ETU_774,Louna Martin,Master,Salle 3,Couloir,08:19,17:00,0.75,0,0
ETU_775,Chloé Robert,L1,Salle 2,Cafétéria,08:12,18:04,0.96,0,0
ETU_776,Rayan Lambert,L1,Salle 3,Extérieur,08:55,16:39,0.25,0,0
ETU_777,Alice Lefebvre,L3,Salle 2,Cafétéria,08:48,17:26,0.26,0,0
ETU_778,Arthur Bertrand,L3,Salle 4,Extérieur,08:40,17:14,0.89,0,0
ETU_779,Sarah Dubois,L2,Salle 5,Extérieur,07:47,17:40,0.99,0,0
ETU_780,Louna Andre,L1,Salle 3,Extérieur,09:00,18:00,0.86,0,0
ETU_781,Louna Girard,L1,Salle 3,Couloir,08:13,18:06,0.54,0,0
ETU_782,Théo Moreau,L1,Salle 1,Cafétéria,08:29,16:44,0.14,0,0
ETU_783,Camille Andre,Master,Salle 1,Extérieur,08:24,16:36,0.3,0,0
ETU_784,Chloé Vincent,Master,Salle 3,Couloir,08:40,18:23,0.78,0,0
ETU_785,Théo Leroy,L3,Salle 1,Couloir,08:50,18:16,0.04,0,0
ETU_786,Jules Robert,L1,Salle 2,Cafétéria,08:58,18:06,0.22,0,0
ETU_787,Gabriel Simon,L3,Salle 2,Extérieur,09:00,16:50,0.43,0,0
ETU_788,Alice Fontaine,Master,Salle 6,Cafétéria,08:16,18:29,0.18,0,0
ETU_789,Clément Bonnet,Master,Salle 2,Extérieur,08:53,17:19,0.58,0,0
ETU_790,Marie Girard,L2,Salle 6,Cafétéria,07:58,17:33,0.8,0,0
ETU_791,Emma Robert,L1,Salle 6,Cafétéria,08:04,16:41,0.58,0,0
ETU_792,Julie Durand,Master,Salle 5,Cafétéria,08:16,17:50,0.69,0,0
ETU_793,Alice Durand,L2,Salle 4,Couloir,07:47,17:42,0.36,0,0
ETU_794,Enzo Bonnet,L2,Salle 5,Cafétéria,07:58,16:38,0.12,0,0
ETU_795,Thomas Robert,L3,Salle 5,Couloir,08:45,17:57,0.96,0,0
ETU_796,Léa Martin,L3,Salle 3,Couloir,07:47,16:41,0.86,0,0
ETU_797,Sarah Fontaine,L3,Salle 4,Extérieur,07:45,17:44,1.0,0,0
ETU_798,Lucas Morel,L3,Salle 6,Cafétéria,08:52,17:59,0.46,0,0
ETU_799,Mathilde Roux,L1,Salle 4,Cafétéria,08:50,17:18,0.6,0,0
ETU_800,Louna Roux,L2,Salle 1,Couloir,08:22,17:15,0.27,0,0
ETU_801,Camille Lambert,Master,Salle 1,Extérieur,08:51,18:19,0.24,0,0
ETU_802,Lucas Roux,L3,Salle 4,Cafétéria,08:50,17:32,0.34,0,0
ETU_803,Hugo Muller,L2,Salle 1,Extérieur,08:02,17:55,0.03,0,0
ETU_804,Théo Leroy,Master,Salle 2,Couloir,08:14,17:49,0.24,0,0
ETU_805,Chloé Dupont,L1,Salle 2,Cafétéria,08:17,18:03,0.59,0,0
ETU_806,Enzo Vincent,Master,Salle 4,Couloir,08:31,17:23,0.39,0,0
ETU_807,Emma Faure,L3,Salle 3,Extérieur,07:56,18:25,0.08,0,0
ETU_808,Clara Richard,L2,Salle 5,Extérieur,07:48,17:01,0.71,0,0
ETU_809,Louis Robert,L2,Salle 2,Cafétéria,08:35,17:27,0.79,0,0
ETU_810,Paul Fontaine,L2,Salle 3,Extérieur,08:59,18:02,0.91,0,0
ETU_811,Théo Faure,Master,Salle 1,Couloir,07:56,18:11,0.16,0,0
ETU_812,Inès Roux,Master,Salle 2,Cafétéria,08:36,17:20,0.36,0,0
ETU_813,Clément Andre,L1,Salle 3,Couloir,08:50,17:59,0.96,0,0
ETU_814,Camille Bonnet,Master,Salle 6,Extérieur,08:41,18:23,0.96,0,0
ETU_815,Maxime Lefebvre,L1,Salle 3,Extérieur,07:57,18:25,0.14,0,0
ETU_816,Rayan Robert,L2,Salle 2,Couloir,07:58,17:35,0.6,0,0
ETU_817,Mathilde Michel,Master,Salle 4,Couloir,08:04,16:31,0.16,0,0
ETU_818,Nathan Rousseau,L1,Salle 2,Cafétéria,08:51,18:16,0.67,0,0
ETU_819,Sarah Muller,L3,Salle 5,Cafétéria,08:30,16:47,0.42,0,0
ETU_820,Paul Leroy,Master,Salle 6,Cafétéria,08:09,16:37,0.76,0,0
ETU_821,Louna Faure,L2,Salle 6,Cafétéria,08:42,17:59,0.1,0,0
ETU_822,Antoine David,L1,Salle 6,Cafétéria,08:57,17:46,0.43,0,0
ETU_823,Hugo Moreau,L2,Salle 4,Couloir,08:50,18:00,0.13,0,0
ETU_824,Paul Thomas,Master,Salle 1,Extérieur,08:54,18:28,0.34,0,0
ETU_825,Inès Leroy,Master,Salle 1,Couloir,08:21,17:24,0.36,0,0
ETU_826,Camille David,L1,Salle 5,Extérieur,08:08,17:32,0.02,0,0
ETU_827,Inès Morel,L1,Salle 6,Couloir,08:30,17:09,0.23,0,0
ETU_828,Léa Leroy,Master,Salle 6,Extérieur,08:34,18:18,0.46,0,0
ETU_829,Paul Rousseau,L1,Salle 5,Couloir,08:22,17:47,0.63,0,0
ETU_830,Alice Faure,L3,Salle 6,Couloir,08:27,17:57,0.72,0,0
ETU_831,Emma Laurent,L1,Salle 6,Couloir,07:53,17:02,0.8,0,0
ETU_832,Clément Roux,L2,Salle 6,Cafétéria,08:52,17:51,0.5,0,0
ETU_833,Antoine Morel,L2,Salle 2,Couloir,08:02,18:23,0.45,0,0
ETU_834,Alice Bonnet,L1,Salle 4,Couloir,08:28,17:21,0.95,0,0
ETU_835,Jules Petit,Master,Salle 6,Couloir,08:26,17:26,0.34,0,0
ETU_836,Julie Petit,L1,Salle 4,Couloir,08:06,18:09,0.29,0,0
ETU_837,Paul Laurent,L3,Salle 3,Couloir,07:48,16:38,0.88,0,0
ETU_838,Zoé Dubois,L3,Salle 4,Couloir,08:18,18:25,0.85,0,0
ETU_839,Julie Girard,L1,Salle 2,Cafétéria,08:10,17:09,0.97,0,0
ETU_840,Clément Morel,Master,Salle 1,Couloir,08:28,18:12,0.39,0,0
ETU_841,Louna Muller,Master,Salle 2,Extérieur,07:46,17:33,0.56,0,0
ETU_842,Emma Morel,L1,Salle 6,Cafétéria,08:22,17:20,0.31,0,0
ETU_843,Inès Simon,Master,Salle 6,Cafétéria,08:42,16:36,0.95,0,0
ETU_844,Alice Bernard,L2,Salle 1,Extérieur,08:48,18:05,0.89,0,0
ETU_845,Paul Bonnet,Master,Salle 4,Extérieur,08:33,17:51,0.78,0,0
ETU_846,Paul Lambert,L3,Salle 3,Cafétéria,08:53,18:25,0.73,0,0
ETU_847,Louna Thomas,L1,Salle 4,Extérieur,08:06,17:21,0.08,0,0
ETU_848,Clara Muller,L1,Salle 3,Couloir,08:31,16:41,0.25,0,0
ETU_849,Léa Andre,Master,Salle 5,Cafétéria,08:17,16:47,0.06,0,0
ETU_850,Léa Muller,L3,Salle 2,Couloir,08:18,17:19,0.57,0,0
ETU_851,Clément Petit,L2,Salle 1,Cafétéria,07:53,17:03,0.72,0,0
ETU_852,Louna Bernard,L2,Salle 4,Extérieur,08:22,18:06,0.11,0,0
ETU_853,Emma Petit,L1,Salle 3,Cafétéria,08:03,17:52,0.36,0,0
ETU_854,Gabriel Dubois,Master,Salle 5,Extérieur,08:49,17:29,0.62,0,0
ETU_855,Thomas Bernard,L1,Salle 3,Cafétéria,08:22,17:41,0.12,0,0
ETU_856,Lucas David,L1,Salle 2,Couloir,08:35,17:15,0.06,0,0
ETU_857,Julie Richard,L2,Salle 5,Extérieur,08:58,17:36,0.35,0,0
ETU_858,Paul Fontaine,L1,Salle 2,Couloir,07:45,16:40,0.55,0,0
ETU_859,Louis Petit,L2,Salle 5,Couloir,08:25,17:34,0.25,0,0
ETU_860,Julie Bonnet,Master,Salle 6,Extérieur,08:33,16:55,0.81,0,0
ETU_861,Arthur Leroy,L2,Salle 6,Cafétéria,07:58,17:00,0.44,0,0
ETU_862,Alice Girard,Master,Salle 1,Couloir,08:40,17:05,0.42,0,0
ETU_863,Thomas Andre,L1,Salle 1,Extérieur,08:54,18:18,0.32,0,0
ETU_864,Arthur Vincent,L1,Salle 3,Cafétéria,08:42,16:59,0.32,0,0
ETU_865,Léa Dubois,L2,Salle 4,Extérieur,08:34,17:58,0.51,0,0
ETU_866,Emma Lefevre,L3,Salle 4,Extérieur,08:05,18:13,0.9,0,0
ETU_867,Emma Lefebvre,Master,Salle 3,Couloir,08:14,17:15,0.92,0,0
ETU_868,Clara Simon,L1,Salle 4,Couloir,08:31,18:03,0.57,0,0
ETU_869,Maxime Bertrand,Master,Salle 1,Couloir,08:02,18:07,0.69,0,0
ETU_870,Thomas Richard,Master,Salle 4,Couloir,08:56,17:33,0.64,0,0
ETU_871,Zoé Rousseau,L1,Salle 5,Extérieur,08:12,16:34,0.81,0,0
ETU_872,Chloé David,L2,Salle 1,Extérieur,08:24,18:15,0.8,0,0
ETU_873,Maxime Vincent,L2,Salle 6,Cafétéria,08:20,18:01,0.16,0,0
ETU_874,Louna Fontaine,L2,Salle 6,Couloir,08:09,17:16,0.4,0,0
ETU_875,Louna Simon,L3,Salle 5,Extérieur,07:58,17:29,0.02,0,0
ETU_876,Camille Faure,L2,Salle 3,Couloir,08:45,17:32,0.08,0,0
ETU_877,Emma Roux,L1,Salle 2,Extérieur,08:38,18:17,0.39,0,0
ETU_878,Chloé Lefevre,L3,Salle 6,Couloir,08:20,18:06,0.77,0,0
ETU_879,Inès Petit,L3,Salle 2,Couloir,08:45,17:08,0.67,0,0
ETU_880,Clara Rousseau,L2,Salle 2,Couloir,08:42,17:22,0.46,0,0
ETU_881,Enzo Laurent,L3,Salle 3,Couloir,08:18,17:23,0.39,0,0
ETU_882,Zoé Robert,L2,Salle 2,Extérieur,08:07,17:44,0.94,0,0
ETU_883,Paul Morel,L1,Salle 1,Cafétéria,08:57,18:06,0.18,0,0
ETU_884,Julie Simon,Master,Salle 4,Extérieur,08:13,17:36,0.62,0,0
ETU_885,Clara Michel,L3,Salle 3,Extérieur,08:40,17:50,0.91,0,0
ETU_886,Camille Lambert,L3,Salle 1,Couloir,08:38,16:39,0.59,0,0
ETU_887,Antoine Fournier,L1,Salle 2,Cafétéria,07:59,17:14,0.41,0,0
ETU_888,Hugo Lefevre,L1,Salle 2,Cafétéria,08:36,16:48,0.95,0,0
ETU_889,Nathan Rousseau,L1,Salle 6,Cafétéria,08:32,18:15,0.44,0,0
ETU_890,Louna David,L2,Salle 3,Couloir,07:58,17:06,0.3,0,0
ETU_891,Zoé Dubois,L2,Salle 4,Cafétéria,08:32,18:27,0.44,0,0
ETU_892,Rayan Morel,L1,Salle 5,Couloir,08:50,17:31,0.7,0,0
ETU_893,Camille Bonnet,L2,Salle 2,Couloir,08:28,17:10,0.13,0,0
ETU_894,Mathilde Vincent,L2,Salle 6,Cafétéria,07:52,17:09,0.59,0,0
ETU_895,Nathan Michel,L1,Salle 1,Cafétéria,08:17,16:56,0.3,0,0
ETU_896,Louis Fontaine,Master,Salle 5,Cafétéria,08:58,17:15,0.4,0,0
ETU_897,Mathilde Roux,L2,Salle 3,Extérieur,08:57,17:11,0.7,0,0
ETU_898,Louna Vincent,L1,Salle 6,Cafétéria,07:47,17:51,0.29,0,0
ETU_899,Camille Petit,L1,Salle 2,Extérieur,08:21,16:56,0.34,0,0
ETU_900,Clara Lefebvre,L1,Salle 3,Couloir,08:17,18:24,0.45,0,0
ETU_901,Maxime Lefevre,L3,Salle 6,Extérieur,08:41,17:03,0.92,0,0
ETU_902,Nathan Fontaine,L3,Salle 2,Cafétéria,07:58,18:17,0.32,0,0
ETU_903,Jules Roux,L2,Salle 4,Cafétéria,07:52,16:30,0.37,0,0
ETU_904,Marie Laurent,L2,Salle 3,Cafétéria,07:45,17:03,0.19,0,0
ETU_905,Nathan Muller,Master,Salle 5,Cafétéria,08:05,17:28,0.33,0,0
ETU_906,Nathan Leroy,L3,Salle 6,Couloir,08:42,18:16,0.15,0,0
ETU_907,Emma Thomas,L3,Salle 6,Cafétéria,08:30,17:32,0.41,0,0
ETU_908,Julie Laurent,L3,Salle 1,Cafétéria,08:50,17:06,0.66,0,0
ETU_909,Louis Simon,L3,Salle 5,Couloir,08:20,17:09,0.23,0,0
ETU_910,Mathilde Rousseau,Master,Salle 2,Couloir,08:20,18:28,0.59,0,0
ETU_911,Louna Martin,Master,Salle 5,Extérieur,07:56,17:34,0.12,0,0
ETU_912,Théo Robert,Master,Salle 5,Couloir,08:18,18:17,0.98,0,0
ETU_913,Léa Bonnet,L2,Salle 4,Cafétéria,07:51,18:22,0.77,0,0
ETU_914,Nathan Fontaine,L1,Salle 1,Couloir,08:10,18:08,0.68,0,0
ETU_915,Louna Morel,Master,Salle 4,Couloir,08:54,18:11,0.55,0,0
ETU_916,Enzo Thomas,L1,Salle 4,Cafétéria,08:09,17:42,0.34,0,0
ETU_917,Camille Martin,L2,Salle 6,Couloir,07:56,16:32,0.94,0,0
ETU_918,Julie Richard,L2,Salle 1,Extérieur,07:53,17:07,0.73,0,0
ETU_919,Maxime Bonnet,L1,Salle 2,Cafétéria,08:04,18:02,0.87,0,0
ETU_920,Enzo Laurent,Master,Salle 2,Cafétéria,08:35,17:56,0.6,0,0
ETU_921,Clément Petit,L3,Salle 4,Couloir,08:30,18:14,0.69,0,0
ETU_922,Emma Dubois,Master,Salle 1,Cafétéria,08:52,17:53,0.19,0,0
ETU_923,Enzo Simon,L1,Salle 4,Cafétéria,08:41,16:37,0.17,0,0
ETU_924,Alice Martin,L3,Salle 4,Cafétéria,08:02,17:18,0.2,0,0
ETU_925,Enzo Andre,L3,Salle 2,Cafétéria,08:48,18:09,0.28,0,0
ETU_926,Camille Muller,L1,Salle 4,Couloir,08:31,17:53,0.53,0,0
ETU_927,Louna Faure,L1,Salle 5,Extérieur,08:15,16:54,0.94,0,0
ETU_928,Louna Andre,Master,Salle 6,Couloir,08:11,17:45,0.28,0,0
ETU_929,Nathan Andre,L1,Salle 1,Extérieur,07:55,18:00,0.29,2,0
ETU_930,Inès Michel,L3,Salle 2,Extérieur,08:51,18:00,0.74,0,0
ETU_931,Camille Bertrand,Master,Salle 1,Extérieur,08:10,17:40,0.92,0,0
ETU_932,Mathilde Rousseau,L2,Salle 4,Couloir,08:26,18:03,0.14,0,0
ETU_933,Mathilde Muller,L1,Salle 5,Cafétéria,07:47,17:22,0.07,0,0
ETU_934,Chloé Martin,Master,Salle 2,Couloir,08:39,17:41,0.84,0,0
ETU_935,Jules Dupont,Master,Salle 3,Couloir,08:02,18:21,0.1,0,0
ETU_936,Louis Girard,Master,Salle 6,Couloir,08:11,17:25,0.2,0,0
ETU_937,Arthur Lefebvre,L1,Salle 2,Cafétéria,08:09,16:50,0.65,0,0
ETU_938,Louna Girard,L2,Salle 1,Extérieur,08:44,17:04,0.28,0,0
ETU_939,Maxime Lefebvre,L1,Salle 4,Couloir,08:18,18:22,0.23,0,0
ETU_940,Chloé Bertrand,L3,Salle 4,Extérieur,08:40,17:43,0.99,0,0
ETU_941,Arthur Girard,Master,Salle 5,Cafétéria,08:41,17:04,0.31,0,0
ETU_942,Mathilde Lefebvre,Master,Salle 4,Cafétéria,08:20,17:18,0.05,0,0
ETU_943,Jules Bertrand,L1,Salle 2,Couloir,08:05,16:55,0.53,0,0
ETU_944,Clara Michel,L2,Salle 1,Couloir,08:07,17:57,0.17,0,0
ETU_945,Paul Faure,L3,Salle 4,Couloir,08:32,17:51,0.29,0,0
ETU_946,Inès Michel,Master,Salle 3,Couloir,08:05,16:57,0.6,0,0
ETU_947,Gabriel Laurent,L1,Salle 5,Extérieur,08:06,17:13,0.98,0,0
ETU_948,Emma Muller,L3,Salle 3,Cafétéria,08:41,17:26,0.6,0,0
ETU_949,Julie Bernard,L2,Salle 6,Extérieur,07:58,17:50,0.42,0,0
ETU_950,Manon Petit,L3,Salle 3,Couloir,07:52,16:53,0.51,0,0
ETU_951,Julie Thomas,Master,Salle 2,Couloir,08:04,17:14,0.85,0,0
ETU_952,Thomas Roux,L3,Salle 1,Couloir,08:18,18:21,0.85,0,0
ETU_953,Camille Roux,L2,Salle 4,Cafétéria,08:56,17:04,0.22,0,0
ETU_954,Léa Thomas,L1,Salle 6,Extérieur,08:30,17:59,0.03,0,0
ETU_955,Paul Roux,L1,Salle 4,Couloir,08:34,17:51,0.98,0,0
ETU_956,Lucas Lambert,L3,Salle 6,Extérieur,08:45,16:35,0.84,0,0
ETU_957,Marie Martin,Master,Salle 1,Cafétéria,08:30,17:45,0.63,0,0
ETU_958,Louna Rousseau,L3,Salle 3,Couloir,07:59,17:58,0.95,0,0
ETU_959,Louis Vincent,Master,Salle 2,Cafétéria,08:57,17:30,0.83,0,0
ETU_960,Sarah Laurent,L1,Salle 4,Cafétéria,08:06,18:12,0.95,0,0
ETU_961,Manon Leroy,L2,Salle 2,Extérieur,08:44,17:34,0.47,0,0
ETU_962,Lucas Robert,Master,Salle 1,Cafétéria,08:49,17:27,0.67,0,0
ETU_963,Marie Vincent,Master,Salle 2,Cafétéria,08:43,16:59,0.15,0,0
ETU_964,Nathan Robert,L3,Salle 2,Couloir,08:59,17:52,0.97,0,0
ETU_965,Alice Fontaine,Master,Salle 3,Extérieur,07:48,17:05,0.93,0,0
ETU_966,Marie Lefebvre,Master,Salle 5,Extérieur,08:29,17:01,0.44,0,0
ETU_967,Arthur Bertrand,L2,Salle 4,Extérieur,08:44,18:01,0.46,0,0
ETU_968,Jules Laurent,L1,Salle 1,Cafétéria,07:57,17:43,0.13,0,0
ETU_969,Léa Vincent,L2,Salle 6,Couloir,07:56,17:14,0.38,0,0
ETU_970,Chloé Roux,Master,Salle 3,Couloir,08:25,17:33,0.56,0,0
ETU_971,Louna Faure,Master,Salle 3,Extérieur,08:09,16:45,0.72,0,0
ETU_972,Mathilde Laurent,L1,Salle 6,Couloir,08:19,16:36,0.27,0,0
ETU_973,Rayan Dubois,L1,Salle 5,Cafétéria,08:46,18:12,0.24,0,0
ETU_974,Jules Faure,L3,Salle 1,Cafétéria,08:20,16:36,0.19,0,0
ETU_975,Alice Roux,L3,Salle 5,Couloir,08:41,16:32,0.19,0,0
ETU_976,Louna Muller,L1,Salle 6,Extérieur,08:42,17:54,0.13,0,0
ETU_977,Inès Girard,L2,Salle 3,Couloir,07:47,16:49,0.32,0,0
ETU_978,Gabriel Lambert,L2,Salle 6,Couloir,08:41,17:04,0.44,0,0
ETU_979,Arthur Faure,L3,Salle 4,Extérieur,08:30,17:48,0.13,0,0
ETU_980,Alice Lefevre,L1,Salle 4,Couloir,08:40,17:12,0.21,0,0
ETU_981,Mathilde Faure,L1,Salle 2,Extérieur,08:46,16:54,0.26,0,0
ETU_982,Mathilde Bertrand,Master,Salle 6,Extérieur,08:05,17:35,0.05,0,0
ETU_983,Nathan Bernard,L3,Salle 2,Couloir,08:33,17:17,0.36,0,0
ETU_984,Rayan Faure,Master,Salle 1,Cafétéria,08:10,16:36,0.65,0,0
ETU_985,Alice David,L3,Salle 1,Couloir,08:08,18:14,0.09,0,0
ETU_986,Rayan Muller,L2,Salle 2,Couloir,08:11,17:05,0.34,0,0
ETU_987,Emma Andre,L1,Salle 3,Couloir,08:06,17:12,0.57,0,0
ETU_988,Louis Dupont,L3,Salle 5,Cafétéria,08:08,16:45,0.37,0,0
ETU_989,Inès Vincent,L3,Salle 2,Extérieur,08:51,17:06,0.98,0,0
ETU_990,Marie Martin,L3,Salle 3,Couloir,08:11,16:54,0.87,0,0
ETU_991,Mathilde Lefevre,L1,Salle 3,Extérieur,07:46,17:30,0.47,0,0
ETU_992,Chloé Leroy,L2,Salle 4,Cafétéria,08:49,17:23,0.63,0,0
ETU_993,Louna Vincent,L1,Salle 2,Cafétéria,08:46,18:25,0.75,0,0
ETU_994,Gabriel Lambert,Master,Salle 4,Couloir,07:49,17:47,0.45,2,0
ETU_995,Clément Lambert,L2,Salle 1,Cafétéria,08:38,18:03,0.09,0,0
ETU_996,Clément Lefevre,L2,Salle 4,Extérieur,08:12,16:58,0.78,0,0
ETU_997,Clara Laurent,L1,Salle 6,Couloir,08:09,17:38,0.69,0,0
ETU_998,Louis Roux,L2,Salle 4,Extérieur,08:35,17:47,0.02,2,0
ETU_999,Marie Bonnet,Master,Salle 2,Extérieur,08:17,17:53,0.75,0,0
ETU_1000,Clément Fournier,L2,Salle 3,Couloir,08:26,17:19,0.64,0,0
